Workbook

Sheet How To Use
B2: Project Resource Sheet 관리
B4: 1. New Project Sheet Creation
C5: A | D5: Temp. V00 sheet를 copy하여 sheet 이름을 수정하여 >< (검정색 화살표) 사이로 sheet를 옮긴다.
C6: B | D6: 검정색 화살표 사이에 Sheet를 넣으면 자동으로 SheetMerge로 Data가 통합된다.
C7: C | D7: Temp. V00
D8: * | E8: 연두색 - 입력 혹은 선택 항목
D9: * | E9: 회색 - 자동입력
D10: 1 | E10: Dropdown menu 에서 project를 선택하면 B1의 Project IO / B열 Status / C열 Project 내용이 자동으로 선택된다. - by PMO
D11: 2 | E11: Dropdown menu 에서 Name을 선택하면 D열/E열/F열의 내용이 자동으로 선택된다. - by functions or PMO
D12: 3 | E12: Gate5/Gate6 일정을 기재한다. (년/월 기재) - by PMO
D13: 4 | E13: 월별 HC를 입력한다. - by functions
D14: 5 | E14: 마지막 라인에 전체 project Gate plan 일정을 입력한다. 예) G1, G2….. - by PMO
B38: 2. Summary Sheet 설명
C39: A | D39: SheetMerge | F39: Do Not Change Anything | G39: 입력한 project sheet의 모든 값들이 자동으로 통합되는 database sheet
C40: B | D40: P1_정원 | F40: Pivot Sheet | G40: The number of available HC
C41: C | D41: P2_부서 | F41: Pivot Sheet | G41: 정원 대비 forecast demand 차이
C42: D | D42: P3_PRJ | F42: Pivot Sheet | G42: 프로젝트 별 forecast 현황
C43: F | D43: P3_PRJ engineer gap | F43: Pivot Sheet | G43: Project allocation 별 engineer resource gap
C44: E | D44: P4_Name | F44: Pivot Sheet | G44: 부서별 allocation 현황
C45: G | D45: Project IO | F45: Owner only allows changes | G45: Owner - Jinney L | I45: Project status / IO list
C46: H | D46: 정원 | F46: Owner only allows changes | G46: Owner - Jinney L / Mogen S / Dorothy N | K46: IS 총인원
B55: 99. Revision Note
C56: Ver. | E56: Date | F56: Description
C57: V1 | E57: 45853 | F57: 양식 변경
C58: V1.1 | E58: 45853 | F58: Excel Error 복구
C59: V1.2 | E59: 45861 | F59: PJT Lifecycle

Sheet Temp. V00
B1: =IF($A$1=0,"",VLOOKUP(A1,'Project IO'!$B$4:$C$101,2,FALSE)) | D1: 자동입력 | E1: Resource Plan | F1: Ver. | G1: 0 | H1: Date | I1: 45847 | J1: SUM | K1: =SUM(K3:K1048576) -> 0 | L1: =SUM(L3:L1048576) -> 0 | M1: =SUM(M3:M1048576) -> 0 | N1: =SUM(N3:N1048576) -> 0 | O1: =SUM(O3:O1048576) -> 0 | P1: =SUM(P3:P1048576) -> 0 | Q1: =SUM(Q3:Q1048576) -> 0 | R1: =SUM(R3:R1048576) -> 0 | ... BA1: =SUM(BA3:BA1048576) -> 0
A2: No | B2: Status | C2: PJT Lifecycle | D2: Project | E2: Resource Department | F2: Sub-Team | G2: Resource Role | H2: Name | I2: G5 | J2: G6 | K2: 45833 | L2: 45863 | M2: 45894 | N2: 45925 | O2: 45955 | P2: 45986 | Q2: 46016 | R2: 45683 | S2: 45714 | T2: 45742 | U2: 45773 | V2: 45803 | W2: 45834 | X2: 45864 | Y2: 45895 | Z2: 45926 | AA2: 45956 | AB2: 45987 | AC2: 46017 | AD2: 45684 | AE2: 45715 | AF2: 45743 | AG2: 45774 | AH2: 45804 | AI2: 45835 | AJ2: 45865 | AK2: 45896 | AL2: 45927 | AM2: 45957 | AN2: 45988 | AO2: 46018 | AP2: 45685 | AQ2: 45716 | AR2: 45744 | AS2: 45775 | AT2: 45805 | AU2: 45836 | AV2: 45866 | AW2: 45897 | AX2: 45928 | AY2: 45958 | AZ2: 45989 | BA2: 46019
A3: 1 | B3: =IF($D3=0,"",VLOOKUP($D3,'Project IO'!$B:$E,3,FALSE)) | C3: =IF($D3=0,"",VLOOKUP($D3,'Project IO'!$B:$E,4,FALSE)) | D3: =$A$1 -> 0 | E3: =IF($H3=0,"",VLOOKUP($H3,정원!$D:$G,2,FALSE)) -> Engineering | F3: =IF($H3=0,"",VLOOKUP($H3,정원!$D:$G,3,FALSE)) -> * Manager | G3: =IF($H3=0,"",VLOOKUP($H3,정원!$D:$G,4,FALSE)) -> * Eng Manager | H3: JiYoung Son
A4: 2 | B4: =IF($D4=0,"",VLOOKUP($D4,'Project IO'!$B:$E,3,FALSE)) | C4: =IF($D4=0,"",VLOOKUP($D4,'Project IO'!$B:$E,4,FALSE)) | D4: =$A$1 -> 0 | E4: =IF($H4=0,"",VLOOKUP($H4,정원!$D:$G,2,FALSE)) -> PMO | F4: =IF($H4=0,"",VLOOKUP($H4,정원!$D:$G,3,FALSE)) -> * Manager | G4: =IF($H4=0,"",VLOOKUP($H4,정원!$D:$G,4,FALSE)) -> * Manager | H4: Jinney Lee
A5: 3 | B5: =IF($D5=0,"",VLOOKUP($D5,'Project IO'!$B:$E,3,FALSE)) | C5: =IF($D5=0,"",VLOOKUP($D5,'Project IO'!$B:$E,4,FALSE)) | D5: =$A$1 -> 0 | E5: =IF($H5=0,"",VLOOKUP($H5,정원!$D:$G,2,FALSE)) -> PMO | F5: =IF($H5=0,"",VLOOKUP($H5,정원!$D:$G,3,FALSE)) -> PM | G5: =IF($H5=0,"",VLOOKUP($H5,정원!$D:$G,4,FALSE)) -> PM | H5: Project manager
A6: 4 | B6: =IF($D6=0,"",VLOOKUP($D6,'Project IO'!$B:$E,3,FALSE)) | C6: =IF($D6=0,"",VLOOKUP($D6,'Project IO'!$B:$E,4,FALSE)) | D6: =$A$1 -> 0 | E6: =IF($H6=0,"",VLOOKUP($H6,정원!$D:$G,2,FALSE)) -> NPI IS | F6: =IF($H6=0,"",VLOOKUP($H6,정원!$D:$G,3,FALSE)) -> * Manager | G6: =IF($H6=0,"",VLOOKUP($H6,정원!$D:$G,4,FALSE)) -> * Manager | H6: Dorothy Noh
A7: 5 | B7: =IF($D7=0,"",VLOOKUP($D7,'Project IO'!$B:$E,3,FALSE)) | C7: =IF($D7=0,"",VLOOKUP($D7,'Project IO'!$B:$E,4,FALSE)) | D7: =$A$1 -> 0 | E7: =IF($H7=0,"",VLOOKUP($H7,정원!$D:$G,2,FALSE)) -> NPI IS | F7: =IF($H7=0,"",VLOOKUP($H7,정원!$D:$G,3,FALSE)) -> System □ | G7: =IF($H7=0,"",VLOOKUP($H7,정원!$D:$G,4,FALSE)) -> Leader | H7: Tech Lead
A8: 6 | B8: =IF($D8=0,"",VLOOKUP($D8,'Project IO'!$B:$E,3,FALSE)) | C8: =IF($D8=0,"",VLOOKUP($D8,'Project IO'!$B:$E,4,FALSE)) | D8: =$A$1 -> 0 | E8: =IF($H8=0,"",VLOOKUP($H8,정원!$D:$G,2,FALSE)) -> NPI IS | F8: =IF($H8=0,"",VLOOKUP($H8,정원!$D:$G,3,FALSE)) -> System □ | G8: =IF($H8=0,"",VLOOKUP($H8,정원!$D:$G,4,FALSE)) -> System engineer | H8: System engineer
A9: 7 | B9: =IF($D9=0,"",VLOOKUP($D9,'Project IO'!$B:$E,3,FALSE)) | C9: =IF($D9=0,"",VLOOKUP($D9,'Project IO'!$B:$E,4,FALSE)) | D9: =$A$1 -> 0 | E9: =IF($H9=0,"",VLOOKUP($H9,정원!$D:$G,2,FALSE)) -> NPI IS | F9: =IF($H9=0,"",VLOOKUP($H9,정원!$D:$G,3,FALSE)) -> System □ | G9: =IF($H9=0,"",VLOOKUP($H9,정원!$D:$G,4,FALSE)) -> Service engineer | H9: Service engineer
A10: 8 | B10: =IF($D10=0,"",VLOOKUP($D10,'Project IO'!$B:$E,3,FALSE)) | C10: =IF($D10=0,"",VLOOKUP($D10,'Project IO'!$B:$E,4,FALSE)) | D10: =$A$1 -> 0 | E10: =IF($H10=0,"",VLOOKUP($H10,정원!$D:$G,2,FALSE)) -> NPI IS | F10: =IF($H10=0,"",VLOOKUP($H10,정원!$D:$G,3,FALSE)) -> Mechanical | G10: =IF($H10=0,"",VLOOKUP($H10,정원!$D:$G,4,FALSE)) -> Leader | H10: Jeremy Park
A11: 9 | B11: =IF($D11=0,"",VLOOKUP($D11,'Project IO'!$B:$E,3,FALSE)) | C11: =IF($D11=0,"",VLOOKUP($D11,'Project IO'!$B:$E,4,FALSE)) | D11: =$A$1 -> 0 | E11: =IF($H11=0,"",VLOOKUP($H11,정원!$D:$G,2,FALSE)) -> NPI IS | F11: =IF($H11=0,"",VLOOKUP($H11,정원!$D:$G,3,FALSE)) -> Mechanical | G11: =IF($H11=0,"",VLOOKUP($H11,정원!$D:$G,4,FALSE)) -> Mechanical engineer | H11: Mechanical engineer
A12: 10 | B12: =IF($D12=0,"",VLOOKUP($D12,'Project IO'!$B:$E,3,FALSE)) | C12: =IF($D12=0,"",VLOOKUP($D12,'Project IO'!$B:$E,4,FALSE)) | D12: =$A$1 -> 0 | E12: =IF($H12=0,"",VLOOKUP($H12,정원!$D:$G,2,FALSE)) -> Control Eng. | F12: =IF($H12=0,"",VLOOKUP($H12,정원!$D:$G,3,FALSE)) -> * Manager | G12: =IF($H12=0,"",VLOOKUP($H12,정원!$D:$G,4,FALSE)) -> * Manager | H12: Mogen Seo
A13: 11 | B13: =IF($D13=0,"",VLOOKUP($D13,'Project IO'!$B:$E,3,FALSE)) | C13: =IF($D13=0,"",VLOOKUP($D13,'Project IO'!$B:$E,4,FALSE)) | D13: =$A$1 -> 0 | E13: =IF($H13=0,"",VLOOKUP($H13,정원!$D:$G,2,FALSE)) -> Control Eng. | F13: =IF($H13=0,"",VLOOKUP($H13,정원!$D:$G,3,FALSE)) -> Software | G13: =IF($H13=0,"",VLOOKUP($H13,정원!$D:$G,4,FALSE)) -> Leader | H13: Gerald Park
A14: 12 | B14: =IF($D14=0,"",VLOOKUP($D14,'Project IO'!$B:$E,3,FALSE)) | C14: =IF($D14=0,"",VLOOKUP($D14,'Project IO'!$B:$E,4,FALSE)) | D14: =$A$1 -> 0 | E14: =IF($H14=0,"",VLOOKUP($H14,정원!$D:$G,2,FALSE)) -> Control Eng. | F14: =IF($H14=0,"",VLOOKUP($H14,정원!$D:$G,3,FALSE)) -> Software | G14: =IF($H14=0,"",VLOOKUP($H14,정원!$D:$G,4,FALSE)) -> Software engineer | H14: Software engineer
... A17: 15 | B17: =IF($D17=0,"",VLOOKUP($D17,'Project IO'!$B:$E,3,FALSE)) | C17: =IF($D17=0,"",VLOOKUP($D17,'Project IO'!$B:$E,4,FALSE)) | D17: =$A$1 -> 0 | E17: =IF($H17=0,"",VLOOKUP($H17,정원!$D:$G,2,FALSE)) -> Control Eng. | F17: =IF($H17=0,"",VLOOKUP($H17,정원!$D:$G,3,FALSE)) -> Electrical | G17: =IF($H17=0,"",VLOOKUP($H17,정원!$D:$G,4,FALSE)) -> Electrical engineer | H17: Electrical engineer
A18: 16 | B18: =IF($D18=0,"",VLOOKUP($D18,'Project IO'!$B:$E,3,FALSE)) | C18: =IF($D18=0,"",VLOOKUP($D18,'Project IO'!$B:$E,4,FALSE)) | D18: =$A$1 -> 0 | E18: =IF($H21=0,"",VLOOKUP($H21,정원!$D:$G,2,FALSE)) -> 0 | F18: =IF($H21=0,"",VLOOKUP($H21,정원!$D:$G,3,FALSE)) -> 0 | G18: =IF($H21=0,"",VLOOKUP($H21,정원!$D:$G,4,FALSE)) -> 0
A19: 17 | B19: =IF($D19=0,"",VLOOKUP($D19,'Project IO'!$B:$E,3,FALSE)) | C19: =IF($D19=0,"",VLOOKUP($D19,'Project IO'!$B:$E,4,FALSE)) | D19: =$A$1 -> 0 | E19: =IF($H22=0,"",VLOOKUP($H22,정원!$D:$G,2,FALSE)) | F19: =IF($H22=0,"",VLOOKUP($H22,정원!$D:$G,3,FALSE)) | G19: =IF($H22=0,"",VLOOKUP($H22,정원!$D:$G,4,FALSE))
A20: 18 | B20: =IF($D20=0,"",VLOOKUP($D20,'Project IO'!$B:$E,3,FALSE)) | C20: =IF($D20=0,"",VLOOKUP($D20,'Project IO'!$B:$E,4,FALSE)) | D20: =$A$1 -> 0 | E20: =IF($H23=0,"",VLOOKUP($H23,정원!$D:$G,2,FALSE)) | F20: =IF($H23=0,"",VLOOKUP($H23,정원!$D:$G,3,FALSE)) | G20: =IF($H23=0,"",VLOOKUP($H23,정원!$D:$G,4,FALSE))
A21: 19 | B21: =IF($D21=0,"",VLOOKUP($D21,'Project IO'!$B:$E,3,FALSE)) | C21: =IF($D21=0,"",VLOOKUP($D21,'Project IO'!$B:$E,4,FALSE)) | D21: =$A$1 -> 0 | E21: =IF($H24=0,"",VLOOKUP($H24,정원!$D:$G,2,FALSE)) | F21: =IF($H24=0,"",VLOOKUP($H24,정원!$D:$G,3,FALSE)) | G21: =IF($H24=0,"",VLOOKUP($H24,정원!$D:$G,4,FALSE)) | H21: Gate Plan | K21: G2 | N21: G5 | P21: G6

Sheet SheetMerge
A1: No | B1: Status | C1: PJT Lifecycle | D1: Project | E1: Resource Department | F1: Sub-Team | G1: Resource Role | H1: Name | I1: G5 | J1: G6 | K1: 45833 | L1: 45863 | M1: 45894 | N1: 45925 | O1: 45955 | P1: 45986 | Q1: 46016 | R1: 45683 | S1: 45714 | T1: 45742 | U1: 45773 | V1: 45803 | W1: 45834 | X1: 45864 | Y1: 45895 | Z1: 45926 | AA1: 45956 | AB1: 45987 | AC1: 46017 | AD1: 45684 | AE1: 45715 | AF1: 45743 | AG1: 45774 | AH1: 45804 | AI1: 45835 | AJ1: 45865 | AK1: 45896 | AL1: 45927 | AM1: 45957 | AN1: 45988 | AO1: 46018 | AP1: 45685 | AQ1: 45716 | AR1: 45744 | AS1: 45775 | AT1: 45805 | AU1: 45836 | AV1: 45866 | AW1: 45897 | AX1: 45928 | AY1: 45958 | AZ1: 45989 | BA1: 46019
A2: {=_xlfn.LET(_xlpm.취합,_xlfn.VSTACK('>:<'!A3:BA87),_xlfn._xlws.FILTER(_xlpm.취합,_xlfn.CHOOSECOLS(_xlpm.취합,1)<>""))} -> 1 | B2: Active | C2: Planning | D2: Ganymede support - PCCA | E2: NPI IS | F2: System □ | G2: System engineer | H2: System engineer | I2: 0 | J2: 0 | K2: 0 | L2: 0 | M2: 0 | N2: 0 | O2: 0 | P2: 0 | Q2: 0 | R2: 0 | S2: 0 | T2: 0 | U2: 0 | V2: 0 | W2: 0 | X2: 0 | Y2: 0 | Z2: 0 | AA2: 0 | AB2: 0 | AC2: 0 | AD2: 0 | AE2: 0 | AF2: 0 | AG2: 0 | AH2: 0 | AI2: 0 | AJ2: 0 | AK2: 0 | AL2: 0 | AM2: 0 | AN2: 0 | AO2: 0 | AP2: 0 | AQ2: 0 | AR2: 0 | AS2: 0 | AT2: 0 | AU2: 0 | AV2: 0 | AW2: 0 | AX2: 0 | AY2: 0 | AZ2: 0 | BA2: 0
A3: 2 | B3: Active | C3: Complete | D3: R&D General - Legacy/TSG | E3: Control Eng. | F3: Software | G3: Software engineer | H3: Ashley Yun | I3: 0 | J3: 0 | K3: 0 | L3: 0.3 | M3: 1 | N3: 1 | O3: 1 | P3: 0 | Q3: 0 | R3: 0 | S3: 0 | T3: 0 | U3: 0 | V3: 0 | W3: 0 | X3: 0 | Y3: 0 | Z3: 0 | AA3: 0 | AB3: 0 | AC3: 0 | AD3: 0 | AE3: 0 | AF3: 0.5 | AG3: 0.5 | AH3: 0.5 | AI3: 0.5 | AJ3: 0.5 | AK3: 0.5 | AL3: 0.5 | AM3: 0.5 | AN3: 0.5 | AO3: 0.5 | AP3: 0.5 | AQ3: 0.5 | AR3: 0.5 | AS3: 0.5 | AT3: 0.5 | AU3: 0.5 | AV3: 0.5 | AW3: 0 | AX3: 0 | AY3: 0 | AZ3: 0 | BA3: 0
A4: 3 | B4: Active | C4: Complete | D4: R&D General - Legacy/TSG | E4: Control Eng. | F4: Software | G4: Software engineer | H4: Rachel Bae | I4: 0 | J4: 0 | K4: 1 | L4: 1 | M4: 1 | N4: 1 | O4: 0.5 | P4: 0.5 | Q4: 0.5 | R4: 0.5 | S4: 0.5 | T4: 0.5 | U4: 0.5 | V4: 0.5 | W4: 1 | X4: 1 | Y4: 1 | Z4: 1 | AA4: 1 | AB4: 1 | AC4: 1 | AD4: 1 | AE4: 1 | AF4: 0.5 | AG4: 0.5 | AH4: 0.5 | AI4: 0.5 | AJ4: 0.5 | AK4: 0.5 | AL4: 0.5 | AM4: 0.5 | AN4: 0.5 | AO4: 0.5 | AP4: 0.5 | AQ4: 0.5 | AR4: 0.5 | AS4: 0.5 | AT4: 0.5 | AU4: 0.5 | AV4: 0.5 | AW4: 0 | AX4: 0 | AY4: 0 | AZ4: 0 | BA4: 0
A5: 4 | B5: Active | C5: Complete | D5: R&D General - Legacy/TSG | E5: Control Eng. | F5: Software | G5: SW test engineer | H5: Amelia An | I5: 0 | J5: 0 | K5: 1 | L5: 1 | M5: 0.9 | N5: 0.7 | O5: 0.5 | P5: 0.5 | Q5: 0.5 | R5: 0.5 | S5: 0.5 | T5: 0.5 | U5: 0.5 | V5: 0.5 | W5: 0.5 | X5: 0.5 | Y5: 0.5 | Z5: 0.5 | AA5: 0.5 | AB5: 0.5 | AC5: 0.5 | AD5: 0.5 | AE5: 0.5 | AF5: 0.5 | AG5: 0.5 | AH5: 0.5 | AI5: 0.5 | AJ5: 0.5 | AK5: 0.5 | AL5: 0.5 | AM5: 0.5 | AN5: 0.5 | AO5: 0.5 | AP5: 0.5 | AQ5: 0.5 | AR5: 0.5 | AS5: 0.5 | AT5: 0.5 | AU5: 0.5 | AV5: 0.5 | AW5: 0 | AX5: 0 | AY5: 0 | AZ5: 0 | BA5: 0
A6: 5 | B6: Active | C6: Complete | D6: R&D General - Legacy/TSG | E6: Control Eng. | F6: Software | G6: Software engineer | H6: Roy Choi | I6: 0 | J6: 0 | K6: 0.5 | L6: 0.5 | M6: 0.5 | N6: 0.5 | O6: 0.5 | P6: 1 | Q6: 1 | R6: 1 | S6: 1 | T6: 1 | U6: 1 | V6: 1 | W6: 0.5 | X6: 0.5 | Y6: 0.5 | Z6: 0.5 | AA6: 0.5 | AB6: 0.5 | AC6: 0.5 | AD6: 0.5 | AE6: 0.5 | AF6: 0.5 | AG6: 0.5 | AH6: 0.5 | AI6: 0.5 | AJ6: 0.5 | AK6: 0.5 | AL6: 0.5 | AM6: 0.5 | AN6: 0.5 | AO6: 0.5 | AP6: 0.5 | AQ6: 0.5 | AR6: 0.5 | AS6: 0.5 | AT6: 0.5 | AU6: 0.5 | AV6: 0.5 | AW6: 0 | AX6: 0 | AY6: 0 | AZ6: 0 | BA6: 0
A7: 6 | B7: Active | C7: Planning | D7: Unify support | E7: Control Eng. | F7: Software | G7: Leader | H7: Gerald Park | I7: 0 | J7: 0 | K7: 0.3 | L7: 0.3 | M7: 0.3 | N7: 0.3 | O7: 0.5 | P7: 0.5 | Q7: 0.5 | R7: 0.5 | S7: 0.5 | T7: 0.5 | U7: 0.5 | V7: 0.5 | W7: 0.3 | X7: 0.3 | Y7: 0.3 | Z7: 0.3 | AA7: 0.3 | AB7: 0.3 | AC7: 0.3 | AD7: 0.3 | AE7: 0.3 | AF7: 0.3 | AG7: 0.3 | AH7: 0.3 | AI7: 0.3 | AJ7: 0.3 | AK7: 0.3 | AL7: 0.3 | AM7: 0.3 | AN7: 0.3 | AO7: 0.3 | AP7: 0.3 | AQ7: 0.3 | AR7: 0.3 | AS7: 0.3 | AT7: 0.3 | AU7: 0.3 | AV7: 0.3 | AW7: 0 | AX7: 0 | AY7: 0 | AZ7: 0 | BA7: 0
A8: 7 | B8: Active | C8: Planning | D8: Unify support | E8: Control Eng. | F8: Software | G8: Software engineer | H8: Rachel Bae | I8: 0 | J8: 0 | K8: 0 | L8: 0 | M8: 0 | N8: 0 | O8: 0.5 | P8: 0.5 | Q8: 0.5 | R8: 0.5 | S8: 0.5 | T8: 0.5 | U8: 0.5 | V8: 0.5 | W8: 0 | X8: 0 | Y8: 0 | Z8: 0 | AA8: 0 | AB8: 0 | AC8: 0 | AD8: 0 | AE8: 0 | AF8: 0 | AG8: 0 | AH8: 0 | AI8: 0 | AJ8: 0 | AK8: 0 | AL8: 0 | AM8: 0 | AN8: 0 | AO8: 0 | AP8: 0 | AQ8: 0 | AR8: 0 | AS8: 0 | AT8: 0 | AU8: 0 | AV8: 0 | AW8: 0 | AX8: 0 | AY8: 0 | AZ8: 0 | BA8: 0
A9: 8 | B9: Active | C9: Planning | D9: Unify support | E9: Control Eng. | F9: Software | G9: SW test engineer | H9: Amelia An | I9: 0 | J9: 0 | K9: 0 | L9: 0 | M9: 0.1 | N9: 0.3 | O9: 0.5 | P9: 0.5 | Q9: 0.5 | R9: 0.5 | S9: 0.5 | T9: 0.5 | U9: 0.5 | V9: 0.5 | W9: 0.5 | X9: 0.5 | Y9: 0.5 | Z9: 0.5 | AA9: 0.5 | AB9: 0.5 | AC9: 0.5 | AD9: 0.5 | AE9: 0.5 | AF9: 0.5 | AG9: 0.5 | AH9: 0.5 | AI9: 0.5 | AJ9: 0.5 | AK9: 0.5 | AL9: 0.5 | AM9: 0.5 | AN9: 0.5 | AO9: 0.5 | AP9: 0.5 | AQ9: 0.5 | AR9: 0.5 | AS9: 0.5 | AT9: 0.5 | AU9: 0.5 | AV9: 0.5 | AW9: 0 | AX9: 0 | AY9: 0 | AZ9: 0 | BA9: 0
A10: 9 | B10: Active | C10: Complete | D10: R&D General - Legacy/TSG | E10: NPI IS | F10: System 1 | G10: Technician | H10: Robin Park | I10: 0 | J10: 0 | K10: 0.2 | L10: 0.2 | M10: 0.2 | N10: 0.2 | O10: 0 | P10: 0 | Q10: 0 | R10: 0 | S10: 0 | T10: 0 | U10: 0 | V10: 0 | W10: 0 | X10: 0 | Y10: 0 | Z10: 0 | AA10: 0 | AB10: 0 | AC10: 0 | AD10: 0 | AE10: 0 | AF10: 0 | AG10: 0 | AH10: 0 | AI10: 0 | AJ10: 0 | AK10: 0 | AL10: 0 | AM10: 0 | AN10: 0 | AO10: 0 | AP10: 0 | AQ10: 0 | AR10: 0 | AS10: 0 | AT10: 0 | AU10: 0 | AV10: 0 | AW10: 0 | AX10: 0 | AY10: 0 | AZ10: 0 | BA10: 0
A11: 10 | B11: Active | C11: Lead | D11: CatOX Alpha design | E11: NPI IS | F11: Mechanical | G11: Mechanical engineer | H11: Jiny Park | I11: 0 | J11: 0 | K11: 0 | L11: 1 | M11: 1 | N11: 0.5 | O11: 0.5 | P11: 0.5 | Q11: 0 | R11: 0 | S11: 0 | T11: 0 | U11: 0 | V11: 0 | W11: 0 | X11: 0 | Y11: 0 | Z11: 0 | AA11: 0 | AB11: 0 | AC11: 0 | AD11: 0 | AE11: 0 | AF11: 0 | AG11: 0 | AH11: 0 | AI11: 0 | AJ11: 0 | AK11: 0 | AL11: 0 | AM11: 0 | AN11: 0 | AO11: 0 | AP11: 0 | AQ11: 0 | AR11: 0 | AS11: 0 | AT11: 0 | AU11: 0 | AV11: 0 | AW11: 0 | AX11: 0 | AY11: 0 | AZ11: 0 | BA11: 0
A12: 11 | B12: Cancelled | C12: Cancelled | D12: Hermes | E12: Control Eng. | F12: Software | G12: Software engineer | H12: Roy Choi | I12: 0 | J12: 0 | K12: 0 | L12: 0 | M12: 0 | N12: 0 | O12: 0 | P12: 0 | Q12: 0 | R12: 0 | S12: 0 | T12: 0 | U12: 0 | V12: 0 | W12: 0 | X12: 0 | Y12: 0 | Z12: 0 | AA12: 0 | AB12: 0 | AC12: 0 | AD12: 0 | AE12: 0 | AF12: 0 | AG12: 0 | AH12: 0 | AI12: 0 | AJ12: 0 | AK12: 0 | AL12: 0 | AM12: 0 | AN12: 0 | AO12: 0 | AP12: 0 | AQ12: 0 | AR12: 0 | AS12: 0 | AT12: 0 | AU12: 0 | AV12: 0 | AW12: 0 | AX12: 0 | AY12: 0 | AZ12: 0 | BA12: 0
A13: 12 | B13: Cancelled | C13: Cancelled | D13: Hermes | E13: Control Eng. | F13: Software | G13: SW test engineer | H13: Moonsu Cho | I13: 0 | J13: 0 | K13: 0 | L13: 0 | M13: 0 | N13: 0 | O13: 0 | P13: 0 | Q13: 0 | R13: 0 | S13: 0 | T13: 0 | U13: 0 | V13: 0 | W13: 0 | X13: 0 | Y13: 0 | Z13: 0 | AA13: 0 | AB13: 0 | AC13: 0 | AD13: 0 | AE13: 0 | AF13: 0 | AG13: 0 | AH13: 0 | AI13: 0 | AJ13: 0 | AK13: 0 | AL13: 0 | AM13: 0 | AN13: 0 | AO13: 0 | AP13: 0 | AQ13: 0 | AR13: 0 | AS13: 0 | AT13: 0 | AU13: 0 | AV13: 0 | AW13: 0 | AX13: 0 | AY13: 0 | AZ13: 0 | BA13: 0
A14: 13 | B14: Active | C14: Active | D14: LPLN TOP 150 support | E14: NPI IS | F14: System 3 | G14: Tech Lead | H14: Grace Ji | I14: 0 | J14: 0 | K14: 0 | L14: 0 | M14: 0 | N14: 0 | O14: 0.5 | P14: 1 | Q14: 1 | R14: 1 | S14: 1 | T14: 1 | U14: 1 | V14: 1 | W14: 1 | X14: 1 | Y14: 1 | Z14: 1 | AA14: 1 | AB14: 1 | AC14: 1 | AD14: 0 | AE14: 0 | AF14: 0 | AG14: 0 | AH14: 0 | AI14: 0 | AJ14: 0 | AK14: 0 | AL14: 0 | AM14: 0 | AN14: 0 | AO14: 0 | AP14: 0 | AQ14: 0 | AR14: 0 | AS14: 0 | AT14: 0 | AU14: 0 | AV14: 0 | AW14: 0 | AX14: 0 | AY14: 0 | AZ14: 0 | BA14: 0
... A38: 22 | B38: Active | C38: Active | D38: Micron A&D | E38: NPI IS | F38: System 2 | G38: System engineer | H38: Kevin Ko | I38: 45742 | J38: 45742 | K38: 0 | L38: 0 | M38: 0 | N38: 0 | O38: 0 | P38: 0.5 | Q38: 0 | R38: 0 | S38: 0 | T38: 0 | U38: 0 | V38: 0 | W38: 0 | X38: 0 | Y38: 0 | Z38: 0 | AA38: 0 | AB38: 0 | AC38: 0 | AD38: 0 | AE38: 0 | AF38: 0 | AG38: 0 | AH38: 0 | AI38: 0 | AJ38: 0 | AK38: 0 | AL38: 0 | AM38: 0 | AN38: 0 | AO38: 0 | AP38: 0 | AQ38: 0 | AR38: 0 | AS38: 0 | AT38: 0 | AU38: 0 | AV38: 0 | AW38: 0 | AX38: 0 | AY38: 0 | AZ38: 0 | BA38: 0
A39: 23 | B39: Active | C39: Active | D39: Micron A&D | E39: 0 | F39: 0 | G39: 0 | H39: Gate Plan | I39: 45742 | J39: 45742 | K39: 0 | L39: Update | M39: 0 | N39: 0 | O39: 0 | P39: 0 | Q39: 0 | R39: 0 | S39: 0 | T39: G5 | U39: 0 | V39: 0 | W39: 0 | X39: G6 | Y39: 0 | Z39: 0 | AA39: 0 | AB39: 0 | AC39: 0 | AD39: 0 | AE39: 0 | AF39: 0 | AG39: 0 | AH39: 0 | AI39: 0 | AJ39: 0 | AK39: 0 | AL39: 0 | AM39: 0 | AN39: 0 | AO39: 0 | AP39: 0 | AQ39: 0 | AR39: 0 | AS39: 0 | AT39: 0 | AU39: 0 | AV39: 0 | AW39: 0 | AX39: 0 | AY39: 0 | AZ39: 0 | BA39: 0
A40: 1 | B40: Active | C40: Active | D40: Tumalo Ph2 | E40: Engineering | F40: * Manager | G40: * Eng Manager | H40: Jiyoung Son | I40: 46113 | J40: 46293 | K40: 0 | L40: 0 | M40: 0 | N40: 0 | O40: 0 | P40: 0 | Q40: 0 | R40: 0.1 | S40: 0.1 | T40: 0.1 | U40: 0.1 | V40: 0.1 | W40: 0.1 | X40: 0.1 | Y40: 0.1 | Z40: 0.1 | AA40: 0.1 | AB40: 0.1 | AC40: 0.1 | AD40: 0.1 | AE40: 0.1 | AF40: 0.1 | AG40: 0.1 | AH40: 0.1 | AI40: 0.1 | AJ40: 0.1 | AK40: 0.1 | AL40: 0.1 | AM40: 0 | AN40: 0 | AO40: 0 | AP40: 0 | AQ40: 0 | AR40: 0 | AS40: 0 | AT40: 0 | AU40: 0 | AV40: 0 | AW40: 0 | AX40: 0 | AY40: 0 | AZ40: 0 | BA40: 0
A41: 2 | B41: Active | C41: Active | D41: Tumalo Ph2 | E41: PMO | F41: * Manager | G41: * Manager | H41: Jinney Lee | I41: 46113 | J41: 46293 | K41: 0 | L41: 0.3 | M41: 0.3 | N41: 0.3 | O41: 0.3 | P41: 0.3 | Q41: 0.3 | R41: 0.3 | S41: 0.3 | T41: 0.3 | U41: 0.3 | V41: 0.3 | W41: 0.3 | X41: 0.3 | Y41: 0.3 | Z41: 0.3 | AA41: 0.3 | AB41: 0.3 | AC41: 0.3 | AD41: 0.2 | AE41: 0.2 | AF41: 0.2 | AG41: 0.2 | AH41: 0.1 | AI41: 0.1 | AJ41: 0.1 | AK41: 0.1 | AL41: 0.1 | AM41: 0 | AN41: 0 | AO41: 0 | AP41: 0 | AQ41: 0 | AR41: 0 | AS41: 0 | AT41: 0 | AU41: 0 | AV41: 0 | AW41: 0 | AX41: 0 | AY41: 0 | AZ41: 0 | BA41: 0
A42: 3 | B42: Active | C42: Active | D42: Tumalo Ph2 | E42: PMO | F42: PM | G42: PM | H42: Evan Lee | I42: 46113 | J42: 46293 | K42: 0 | L42: 0.5 | M42: 0.5 | N42: 0.8 | O42: 0.8 | P42: 1 | Q42: 1 | R42: 1 | S42: 1 | T42: 1 | U42: 1 | V42: 1 | W42: 1 | X42: 1 | Y42: 1 | Z42: 1 | AA42: 1 | AB42: 1 | AC42: 1 | AD42: 1 | AE42: 1 | AF42: 1 | AG42: 1 | AH42: 0.5 | AI42: 0.5 | AJ42: 0.5 | AK42: 0.5 | AL42: 0.5 | AM42: 0 | AN42: 0 | AO42: 0 | AP42: 0 | AQ42: 0 | AR42: 0 | AS42: 0 | AT42: 0 | AU42: 0 | AV42: 0 | AW42: 0 | AX42: 0 | AY42: 0 | AZ42: 0 | BA42: 0
A43: 4 | B43: Active | C43: Active | D43: Tumalo Ph2 | E43: NPI IS | F43: * Manager | G43: * Manager | H43: Dorothy Noh | I43: 46478 | J43: 46658 | K43: 0 | L43: 0.3 | M43: 0.3 | N43: 0.3 | O43: 0.3 | P43: 0.3 | Q43: 0.3 | R43: 0.3 | S43: 0.3 | T43: 0.3 | U43: 0.3 | V43: 0.3 | W43: 0.3 | X43: 0.3 | Y43: 0.3 | Z43: 0.3 | AA43: 0.3 | AB43: 0.3 | AC43: 0.3 | AD43: 0.3 | AE43: 0.3 | AF43: 0.3 | AG43: 0.3 | AH43: 0.2 | AI43: 0.2 | AJ43: 0.2 | AK43: 0.2 | AL43: 0.2 | AM43: 0 | AN43: 0 | AO43: 0 | AP43: 0 | AQ43: 0 | AR43: 0 | AS43: 0 | AT43: 0 | AU43: 0 | AV43: 0 | AW43: 0 | AX43: 0 | AY43: 0 | AZ43: 0 | BA43: 0
A44: 5 | B44: Active | C44: Active | D44: Tumalo Ph2 | E44: NPI IS | F44: System 3 | G44: Tech Lead | H44: Jacob Lee | I44: 46478 | J44: 46658 | K44: 0 | L44: 0 | M44: 0 | N44: 0.4 | O44: 0.4 | P44: 0.4 | Q44: 0.4 | R44: 0.4 | S44: 0.4 | T44: 0.5 | U44: 0.5 | V44: 0.5 | W44: 0.5 | X44: 0.5 | Y44: 0.5 | Z44: 0.5 | AA44: 0.5 | AB44: 0.5 | AC44: 0.5 | AD44: 0.5 | AE44: 0.5 | AF44: 0.5 | AG44: 0.5 | AH44: 0.5 | AI44: 0.5 | AJ44: 0.5 | AK44: 0.5 | AL44: 0.5 | AM44: 0 | AN44: 0 | AO44: 0 | AP44: 0 | AQ44: 0 | AR44: 0 | AS44: 0 | AT44: 0 | AU44: 0 | AV44: 0 | AW44: 0 | AX44: 0 | AY44: 0 | AZ44: 0 | BA44: 0
A45: 6 | B45: Active | C45: Active | D45: Tumalo Ph2 | E45: NPI IS | F45: System 3 | G45: Tech Lead | H45: William Lee | I45: 46478 | J45: 46658 | K45: 0 | L45: 0.9 | M45: 0.9 | N45: 0.9 | O45: 0.9 | P45: 0.9 | Q45: 0.9 | R45: 0.9 | S45: 0.9 | T45: 0.9 | U45: 1 | V45: 1 | W45: 1 | X45: 1 | Y45: 1 | Z45: 1 | AA45: 1 | AB45: 1 | AC45: 1 | AD45: 1 | AE45: 1 | AF45: 1 | AG45: 1 | AH45: 1 | AI45: 1 | AJ45: 1 | AK45: 1 | AL45: 1 | AM45: 0 | AN45: 0 | AO45: 0 | AP45: 0 | AQ45: 0 | AR45: 0 | AS45: 0 | AT45: 0 | AU45: 0 | AV45: 0 | AW45: 0 | AX45: 0 | AY45: 0 | AZ45: 0 | BA45: 0
A46: 7 | B46: Active | C46: Active | D46: Tumalo Ph2 | E46: NPI IS | F46: System 2 | G46: System engineer | H46: Harry Kwak | I46: 46478 | J46: 46658 | K46: 0 | L46: 0 | M46: 0.4 | N46: 0.4 | O46: 0 | P46: 0 | Q46: 0.4 | R46: 0.5 | S46: 0.5 | T46: 0.5 | U46: 0.5 | V46: 0.5 | W46: 0.5 | X46: 0.5 | Y46: 0.5 | Z46: 0.5 | AA46: 0.5 | AB46: 0.5 | AC46: 0.5 | AD46: 1 | AE46: 1 | AF46: 1 | AG46: 1 | AH46: 1 | AI46: 1 | AJ46: 1 | AK46: 1 | AL46: 1 | AM46: 0 | AN46: 0 | AO46: 0 | AP46: 0 | AQ46: 0 | AR46: 0 | AS46: 0 | AT46: 0 | AU46: 0 | AV46: 0 | AW46: 0 | AX46: 0 | AY46: 0 | AZ46: 0 | BA46: 0
A47: 8 | B47: Active | C47: Active | D47: Tumalo Ph2 | E47: NPI IS | F47: System 3 | G47: System engineer | H47: Noah Yeom | I47: 46478 | J47: 46658 | K47: 0 | L47: 0 | M47: 0.4 | N47: 0.4 | O47: 0.4 | P47: 0.4 | Q47: 0.4 | R47: 0.4 | S47: 0.4 | T47: 0.4 | U47: 0.4 | V47: 0.4 | W47: 0.4 | X47: 0.4 | Y47: 0 | Z47: 0 | AA47: 0 | AB47: 0 | AC47: 0 | AD47: 0 | AE47: 0 | AF47: 0 | AG47: 0 | AH47: 0 | AI47: 0 | AJ47: 0 | AK47: 0 | AL47: 0 | AM47: 0 | AN47: 0 | AO47: 0 | AP47: 0 | AQ47: 0 | AR47: 0 | AS47: 0 | AT47: 0 | AU47: 0 | AV47: 0 | AW47: 0 | AX47: 0 | AY47: 0 | AZ47: 0 | BA47: 0
A48: 9 | B48: Active | C48: Active | D48: Tumalo Ph2 | E48: NPI IS | F48: System 3 | G48: System engineer | H48: Alyssa Park | I48: 46478 | J48: 46658 | K48: 0 | L48: 0 | M48: 0.4 | N48: 0.4 | O48: 0.4 | P48: 0.4 | Q48: 0.4 | R48: 0.4 | S48: 0.4 | T48: 0.4 | U48: 0.4 | V48: 0.4 | W48: 0.4 | X48: 0.4 | Y48: 0 | Z48: 0 | AA48: 0 | AB48: 0 | AC48: 0 | AD48: 0 | AE48: 0 | AF48: 0 | AG48: 0 | AH48: 0 | AI48: 0 | AJ48: 0 | AK48: 0 | AL48: 0 | AM48: 0 | AN48: 0 | AO48: 0 | AP48: 0 | AQ48: 0 | AR48: 0 | AS48: 0 | AT48: 0 | AU48: 0 | AV48: 0 | AW48: 0 | AX48: 0 | AY48: 0 | AZ48: 0 | BA48: 0
A49: 10 | B49: Active | C49: Active | D49: Tumalo Ph2 | E49: NPI IS | F49: System 1 | G49: System engineer | H49: Anders You | I49: 46478 | J49: 46658 | K49: 0 | L49: 0 | M49: 0 | N49: 0.5 | O49: 0.5 | P49: 0.5 | Q49: 0.5 | R49: 0.5 | S49: 0.5 | T49: 0.5 | U49: 0.5 | V49: 0.5 | W49: 0.5 | X49: 0.5 | Y49: 1 | Z49: 1 | AA49: 1 | AB49: 1 | AC49: 1 | AD49: 1 | AE49: 1 | AF49: 1 | AG49: 1 | AH49: 1 | AI49: 1 | AJ49: 1 | AK49: 1 | AL49: 1 | AM49: 0 | AN49: 0 | AO49: 0 | AP49: 0 | AQ49: 0 | AR49: 0 | AS49: 0 | AT49: 0 | AU49: 0 | AV49: 0 | AW49: 0 | AX49: 0 | AY49: 0 | AZ49: 0 | BA49: 0
A50: 11 | B50: Active | C50: Active | D50: Tumalo Ph2 | E50: NPI IS | F50: System 3 | G50: Service engineer | H50: Fred Lee | I50: 46478 | J50: 46658 | K50: 0 | L50: 0 | M50: 0.4 | N50: 0.4 | O50: 0.4 | P50: 0.4 | Q50: 0.4 | R50: 0.4 | S50: 0.4 | T50: 0.4 | U50: 0.4 | V50: 0.4 | W50: 0.4 | X50: 0.4 | Y50: 1 | Z50: 1 | AA50: 1 | AB50: 1 | AC50: 1 | AD50: 1 | AE50: 1 | AF50: 1 | AG50: 1 | AH50: 1 | AI50: 1 | AJ50: 1 | AK50: 1 | AL50: 1 | AM50: 0 | AN50: 0 | AO50: 0 | AP50: 0 | AQ50: 0 | AR50: 0 | AS50: 0 | AT50: 0 | AU50: 0 | AV50: 0 | AW50: 0 | AX50: 0 | AY50: 0 | AZ50: 0 | BA50: 0
A51: 12 | B51: Active | C51: Active | D51: Tumalo Ph2 | E51: NPI IS | F51: System 1 | G51: Service engineer | H51: Chan Hwang | I51: 46478 | J51: 46658 | K51: 0 | L51: 0 | M51: 0.4 | N51: 0.4 | O51: 0.5 | P51: 0 | Q51: 0 | R51: 0 | S51: 0 | T51: 0 | U51: 0 | V51: 0 | W51: 0 | X51: 0 | Y51: 0 | Z51: 0 | AA51: 0 | AB51: 0 | AC51: 0 | AD51: 0 | AE51: 0 | AF51: 0 | AG51: 0 | AH51: 0 | AI51: 0 | AJ51: 0 | AK51: 0 | AL51: 0 | AM51: 0 | AN51: 0 | AO51: 0 | AP51: 0 | AQ51: 0 | AR51: 0 | AS51: 0 | AT51: 0 | AU51: 0 | AV51: 0 | AW51: 0 | AX51: 0 | AY51: 0 | AZ51: 0 | BA51: 0
... A70: 30 | B70: Active | C70: Active | D70: Tumalo Ph2 | E70: Control Eng. | F70: Electrical | G70: Electrical engineer | H70: Andy Jang | I70: 46478 | J70: 46658 | K70: 0 | L70: 0 | M70: 0 | N70: 0.5 | O70: 0.5 | P70: 0.5 | Q70: 0.5 | R70: 1 | S70: 1 | T70: 1 | U70: 1 | V70: 1 | W70: 1 | X70: 1 | Y70: 1 | Z70: 1 | AA70: 1 | AB70: 1 | AC70: 1 | AD70: 1 | AE70: 1 | AF70: 1 | AG70: 1 | AH70: 1 | AI70: 1 | AJ70: 1 | AK70: 1 | AL70: 1 | AM70: 0 | AN70: 0 | AO70: 0 | AP70: 0 | AQ70: 0 | AR70: 0 | AS70: 0 | AT70: 0 | AU70: 0 | AV70: 0 | AW70: 0 | AX70: 0 | AY70: 0 | AZ70: 0 | BA70: 0
A71: 31 | B71: Active | C71: Active | D71: Tumalo Ph2 | E71: 0 | F71: 0 | G71: 0 | H71: Gate Plan | I71: 46478 | J71: 46658 | K71: 0 | L71: G2 | M71: 0 | N71: 0 | O71: 0 | P71: 0 | Q71: 0 | R71: G3 | S71: 0 | T71: 0 | U71: 0 | V71: 0 | W71: 0 | X71: G4 | Y71: 0 | Z71: 0 | AA71: 0 | AB71: 0 | AC71: 0 | AD71: 0 | AE71: 0 | AF71: 0 | AG71: G5 | AH71: 0 | AI71: 0 | AJ71: 0 | AK71: 0 | AL71: G6 | AM71: 0 | AN71: 0 | AO71: 0 | AP71: 0 | AQ71: 0 | AR71: 0 | AS71: 0 | AT71: 0 | AU71: 0 | AV71: 0 | AW71: 0 | AX71: 0 | AY71: 0 | AZ71: 0 | BA71: 0
A72: 1 | B72: Active | C72: ETO | D72: Gen3 EUV Zenith Plus 7SRC TSMC | E72: PMO | F72: * Manager | G72: * Manager | H72: Jinney Lee | I72: 0 | J72: 0 | K72: 0 | L72: 0 | M72: 0.2 | N72: 0.2 | O72: 0.2 | P72: 0.2 | Q72: 0.2 | R72: 0 | S72: 0 | T72: 0 | U72: 0 | V72: 0 | W72: 0 | X72: 0 | Y72: 0 | Z72: 0 | AA72: 0 | AB72: 0 | AC72: 0 | AD72: 0 | AE72: 0 | AF72: 0 | AG72: 0 | AH72: 0 | AI72: 0 | AJ72: 0 | AK72: 0 | AL72: 0 | AM72: 0 | AN72: 0 | AO72: 0 | AP72: 0 | AQ72: 0 | AR72: 0 | AS72: 0 | AT72: 0 | AU72: 0 | AV72: 0 | AW72: 0 | AX72: 0 | AY72: 0 | AZ72: 0 | BA72: 0
A73: 2 | B73: Active | C73: ETO | D73: Gen3 EUV Zenith Plus 7SRC TSMC | E73: NPI IS | F73: System 2 | G73: Tech Lead | H73: Chad Seo | I73: 0 | J73: 0 | K73: 0 | L73: 0 | M73: 0 | N73: 1 | O73: 1 | P73: 1 | Q73: 0.5 | R73: 0 | S73: 0 | T73: 0 | U73: 0 | V73: 0 | W73: 0 | X73: 0 | Y73: 0 | Z73: 0 | AA73: 0 | AB73: 0 | AC73: 0 | AD73: 0 | AE73: 0 | AF73: 0 | AG73: 0 | AH73: 0 | AI73: 0 | AJ73: 0 | AK73: 0 | AL73: 0 | AM73: 0 | AN73: 0 | AO73: 0 | AP73: 0 | AQ73: 0 | AR73: 0 | AS73: 0 | AT73: 0 | AU73: 0 | AV73: 0 | AW73: 0 | AX73: 0 | AY73: 0 | AZ73: 0 | BA73: 0
A74: 3 | B74: Active | C74: ETO | D74: Gen3 EUV Zenith Plus 7SRC TSMC | E74: NPI IS | F74: * Manager | G74: * Manager | H74: Dorothy Noh | I74: 0 | J74: 0 | K74: 0 | L74: 0 | M74: 0 | N74: 0.1 | O74: 0.1 | P74: 0.1 | Q74: 0.1 | R74: 0 | S74: 0 | T74: 0 | U74: 0 | V74: 0 | W74: 0 | X74: 0 | Y74: 0 | Z74: 0 | AA74: 0 | AB74: 0 | AC74: 0 | AD74: 0 | AE74: 0 | AF74: 0 | AG74: 0 | AH74: 0 | AI74: 0 | AJ74: 0 | AK74: 0 | AL74: 0 | AM74: 0 | AN74: 0 | AO74: 0 | AP74: 0 | AQ74: 0 | AR74: 0 | AS74: 0 | AT74: 0 | AU74: 0 | AV74: 0 | AW74: 0 | AX74: 0 | AY74: 0 | AZ74: 0 | BA74: 0
A75: 5 | B75: Active | C75: ETO | D75: Gen3 EUV Zenith Plus 7SRC TSMC | E75: NPI IS | F75: System 2 | G75: System engineer | H75: Kevin Ko | I75: 0 | J75: 0 | K75: 0 | L75: 0 | M75: 0 | N75: 1 | O75: 0 | P75: 0 | Q75: 0 | R75: 0 | S75: 0 | T75: 0 | U75: 0 | V75: 0 | W75: 0 | X75: 0 | Y75: 0 | Z75: 0 | AA75: 0 | AB75: 0 | AC75: 0 | AD75: 0 | AE75: 0 | AF75: 0 | AG75: 0 | AH75: 0 | AI75: 0 | AJ75: 0 | AK75: 0 | AL75: 0 | AM75: 0 | AN75: 0 | AO75: 0 | AP75: 0 | AQ75: 0 | AR75: 0 | AS75: 0 | AT75: 0 | AU75: 0 | AV75: 0 | AW75: 0 | AX75: 0 | AY75: 0 | AZ75: 0 | BA75: 0
A76: 6 | B76: Active | C76: ETO | D76: Gen3 EUV Zenith Plus 7SRC TSMC | E76: NPI IS | F76: System 2 | G76: Service engineer | H76: Sophie Kim | I76: 0 | J76: 0 | K76: 0 | L76: 0 | M76: 0 | N76: 0.7 | O76: 0 | P76: 0 | Q76: 0 | R76: 0 | S76: 0 | T76: 0 | U76: 0 | V76: 0 | W76: 0 | X76: 0 | Y76: 0 | Z76: 0 | AA76: 0 | AB76: 0 | AC76: 0 | AD76: 0 | AE76: 0 | AF76: 0 | AG76: 0 | AH76: 0 | AI76: 0 | AJ76: 0 | AK76: 0 | AL76: 0 | AM76: 0 | AN76: 0 | AO76: 0 | AP76: 0 | AQ76: 0 | AR76: 0 | AS76: 0 | AT76: 0 | AU76: 0 | AV76: 0 | AW76: 0 | AX76: 0 | AY76: 0 | AZ76: 0 | BA76: 0
A77: 7 | B77: Active | C77: ETO | D77: Gen3 EUV Zenith Plus 7SRC TSMC | E77: NPI IS | F77: System 2 | G77: System engineer | H77: Jess Kim | I77: 0 | J77: 0 | K77: 0 | L77: 0 | M77: 0 | N77: 0 | O77: 0.5 | P77: 0.5 | Q77: 0 | R77: 0 | S77: 0 | T77: 0 | U77: 0 | V77: 0 | W77: 0 | X77: 0 | Y77: 0 | Z77: 0 | AA77: 0 | AB77: 0 | AC77: 0 | AD77: 0 | AE77: 0 | AF77: 0 | AG77: 0 | AH77: 0 | AI77: 0 | AJ77: 0 | AK77: 0 | AL77: 0 | AM77: 0 | AN77: 0 | AO77: 0 | AP77: 0 | AQ77: 0 | AR77: 0 | AS77: 0 | AT77: 0 | AU77: 0 | AV77: 0 | AW77: 0 | AX77: 0 | AY77: 0 | AZ77: 0 | BA77: 0
A78: 8 | B78: Active | C78: ETO | D78: Gen3 EUV Zenith Plus 7SRC TSMC | E78: NPI IS | F78: Mechanical | G78: Leader | H78: Jeremy Park | I78: 0 | J78: 0 | K78: 0 | L78: 0 | M78: 0 | N78: 0.1 | O78: 0.1 | P78: 0.1 | Q78: 0 | R78: 0 | S78: 0 | T78: 0 | U78: 0 | V78: 0 | W78: 0 | X78: 0 | Y78: 0 | Z78: 0 | AA78: 0 | AB78: 0 | AC78: 0 | AD78: 0 | AE78: 0 | AF78: 0 | AG78: 0 | AH78: 0 | AI78: 0 | AJ78: 0 | AK78: 0 | AL78: 0 | AM78: 0 | AN78: 0 | AO78: 0 | AP78: 0 | AQ78: 0 | AR78: 0 | AS78: 0 | AT78: 0 | AU78: 0 | AV78: 0 | AW78: 0 | AX78: 0 | AY78: 0 | AZ78: 0 | BA78: 0
A79: 9 | B79: Active | C79: ETO | D79: Gen3 EUV Zenith Plus 7SRC TSMC | E79: NPI IS | F79: Mechanical | G79: Mechanical engineer | H79: Jayden Lee | I79: 0 | J79: 0 | K79: 0 | L79: 0 | M79: 0 | N79: 0.5 | O79: 0.5 | P79: 0.5 | Q79: 0 | R79: 0 | S79: 0 | T79: 0 | U79: 0 | V79: 0 | W79: 0 | X79: 0 | Y79: 0 | Z79: 0 | AA79: 0 | AB79: 0 | AC79: 0 | AD79: 0 | AE79: 0 | AF79: 0 | AG79: 0 | AH79: 0 | AI79: 0 | AJ79: 0 | AK79: 0 | AL79: 0 | AM79: 0 | AN79: 0 | AO79: 0 | AP79: 0 | AQ79: 0 | AR79: 0 | AS79: 0 | AT79: 0 | AU79: 0 | AV79: 0 | AW79: 0 | AX79: 0 | AY79: 0 | AZ79: 0 | BA79: 0
A80: 10 | B80: Active | C80: ETO | D80: Gen3 EUV Zenith Plus 7SRC TSMC | E80: NPI IS | F80: Mechanical | G80: Mechanical engineer | H80: Derek Cho | I80: 0 | J80: 0 | K80: 0 | L80: 0 | M80: 0 | N80: 0.5 | O80: 0 | P80: 0 | Q80: 0 | R80: 0 | S80: 0 | T80: 0 | U80: 0 | V80: 0 | W80: 0 | X80: 0 | Y80: 0 | Z80: 0 | AA80: 0 | AB80: 0 | AC80: 0 | AD80: 0 | AE80: 0 | AF80: 0 | AG80: 0 | AH80: 0 | AI80: 0 | AJ80: 0 | AK80: 0 | AL80: 0 | AM80: 0 | AN80: 0 | AO80: 0 | AP80: 0 | AQ80: 0 | AR80: 0 | AS80: 0 | AT80: 0 | AU80: 0 | AV80: 0 | AW80: 0 | AX80: 0 | AY80: 0 | AZ80: 0 | BA80: 0
A81: 11 | B81: Active | C81: ETO | D81: Gen3 EUV Zenith Plus 7SRC TSMC | E81: Control Eng. | F81: * Manager | G81: * Manager | H81: Mogen Seo | I81: 0 | J81: 0 | K81: 0 | L81: 0 | M81: 0 | N81: 0 | O81: 0 | P81: 0 | Q81: 0 | R81: 0 | S81: 0 | T81: 0 | U81: 0 | V81: 0 | W81: 0 | X81: 0 | Y81: 0 | Z81: 0 | AA81: 0 | AB81: 0 | AC81: 0 | AD81: 0 | AE81: 0 | AF81: 0 | AG81: 0 | AH81: 0 | AI81: 0 | AJ81: 0 | AK81: 0 | AL81: 0 | AM81: 0 | AN81: 0 | AO81: 0 | AP81: 0 | AQ81: 0 | AR81: 0 | AS81: 0 | AT81: 0 | AU81: 0 | AV81: 0 | AW81: 0 | AX81: 0 | AY81: 0 | AZ81: 0 | BA81: 0
A82: 12 | B82: Active | C82: ETO | D82: Gen3 EUV Zenith Plus 7SRC TSMC | E82: Control Eng. | F82: Software | G82: Leader | H82: Gerald Park | I82: 0 | J82: 0 | K82: 0 | L82: 0 | M82: 0 | N82: 0 | O82: 0 | P82: 0 | Q82: 0 | R82: 0 | S82: 0 | T82: 0 | U82: 0 | V82: 0 | W82: 0 | X82: 0 | Y82: 0 | Z82: 0 | AA82: 0 | AB82: 0 | AC82: 0 | AD82: 0 | AE82: 0 | AF82: 0 | AG82: 0 | AH82: 0 | AI82: 0 | AJ82: 0 | AK82: 0 | AL82: 0 | AM82: 0 | AN82: 0 | AO82: 0 | AP82: 0 | AQ82: 0 | AR82: 0 | AS82: 0 | AT82: 0 | AU82: 0 | AV82: 0 | AW82: 0 | AX82: 0 | AY82: 0 | AZ82: 0 | BA82: 0
A83: 13 | B83: Active | C83: ETO | D83: Gen3 EUV Zenith Plus 7SRC TSMC | E83: Control Eng. | F83: Software | G83: Software engineer | H83: Ashley Yun | I83: 0 | J83: 0 | K83: 0 | L83: 0 | M83: 0 | N83: 0.5 | O83: 0.5 | P83: 0.5 | Q83: 0.5 | R83: 0 | S83: 0 | T83: 0 | U83: 0 | V83: 0 | W83: 0 | X83: 0 | Y83: 0 | Z83: 0 | AA83: 0 | AB83: 0 | AC83: 0 | AD83: 0 | AE83: 0 | AF83: 0 | AG83: 0 | AH83: 0 | AI83: 0 | AJ83: 0 | AK83: 0 | AL83: 0 | AM83: 0 | AN83: 0 | AO83: 0 | AP83: 0 | AQ83: 0 | AR83: 0 | AS83: 0 | AT83: 0 | AU83: 0 | AV83: 0 | AW83: 0 | AX83: 0 | AY83: 0 | AZ83: 0 | BA83: 0
... A87: 17 | B87: Active | C87: ETO | D87: Gen3 EUV Zenith Plus 7SRC TSMC | E87: NPI IS | F87: System 3 | G87: System engineer | H87: Tred Park | I87: 0 | J87: 0 | K87: 0 | L87: 0 | M87: 0 | N87: 0 | O87: 1 | P87: 1 | Q87: 1 | R87: 0 | S87: 0 | T87: 0 | U87: 0 | V87: 0 | W87: 0 | X87: 0 | Y87: 0 | Z87: 0 | AA87: 0 | AB87: 0 | AC87: 0 | AD87: 0 | AE87: 0 | AF87: 0 | AG87: 0 | AH87: 0 | AI87: 0 | AJ87: 0 | AK87: 0 | AL87: 0 | AM87: 0 | AN87: 0 | AO87: 0 | AP87: 0 | AQ87: 0 | AR87: 0 | AS87: 0 | AT87: 0 | AU87: 0 | AV87: 0 | AW87: 0 | AX87: 0 | AY87: 0 | AZ87: 0 | BA87: 0
A88: 18 | B88: Active | C88: ETO | D88: Gen3 EUV Zenith Plus 7SRC TSMC | E88: 0 | F88: 0 | G88: 0 | H88: Gate Plan | I88: 0 | J88: 0 | K88: 0 | L88: 0 | M88: G2 | N88: 0 | O88: 0 | P88: 0 | Q88: G5 | R88: 0 | S88: 0 | T88: 0 | U88: 0 | V88: 0 | W88: 0 | X88: 0 | Y88: 0 | Z88: 0 | AA88: 0 | AB88: 0 | AC88: 0 | AD88: 0 | AE88: 0 | AF88: 0 | AG88: 0 | AH88: 0 | AI88: 0 | AJ88: 0 | AK88: 0 | AL88: 0 | AM88: 0 | AN88: 0 | AO88: 0 | AP88: 0 | AQ88: 0 | AR88: 0 | AS88: 0 | AT88: 0 | AU88: 0 | AV88: 0 | AW88: 0 | AX88: 0 | AY88: 0 | AZ88: 0 | BA88: 0
A89: 1 | B89: Active | C89: Active | D89: Havasu | E89: Engineering | F89: * Manager | G89: * Eng Manager | H89: Jiyoung Son | I89: 45833 | J89: 46013 | K89: 0.2 | L89: 0.1 | M89: 0.1 | N89: 0.1 | O89: 0.1 | P89: 0.1 | Q89: 0.1 | R89: 0 | S89: 0 | T89: 0 | U89: 0 | V89: 0 | W89: 0 | X89: 0 | Y89: 0 | Z89: 0 | AA89: 0 | AB89: 0 | AC89: 0 | AD89: 0 | AE89: 0 | AF89: 0 | AG89: 0 | AH89: 0 | AI89: 0 | AJ89: 0 | AK89: 0 | AL89: 0 | AM89: 0 | AN89: 0 | AO89: 0 | AP89: 0 | AQ89: 0 | AR89: 0 | AS89: 0 | AT89: 0 | AU89: 0 | AV89: 0 | AW89: 0 | AX89: 0 | AY89: 0 | AZ89: 0 | BA89: 0
A90: 2 | B90: Active | C90: Active | D90: Havasu | E90: PMO | F90: * Manager | G90: * Manager | H90: Jinney Lee | I90: 45833 | J90: 46013 | K90: 0.3 | L90: 0.1 | M90: 0.1 | N90: 0.1 | O90: 0.1 | P90: 0.1 | Q90: 0.1 | R90: 0 | S90: 0 | T90: 0 | U90: 0 | V90: 0 | W90: 0 | X90: 0 | Y90: 0 | Z90: 0 | AA90: 0 | AB90: 0 | AC90: 0 | AD90: 0 | AE90: 0 | AF90: 0 | AG90: 0 | AH90: 0 | AI90: 0 | AJ90: 0 | AK90: 0 | AL90: 0 | AM90: 0 | AN90: 0 | AO90: 0 | AP90: 0 | AQ90: 0 | AR90: 0 | AS90: 0 | AT90: 0 | AU90: 0 | AV90: 0 | AW90: 0 | AX90: 0 | AY90: 0 | AZ90: 0 | BA90: 0
A91: 3 | B91: Active | C91: Active | D91: Havasu | E91: PMO | F91: PM | G91: PM | H91: Evan Lee | I91: 45833 | J91: 46013 | K91: 1 | L91: 1 | M91: 0.5 | N91: 0.2 | O91: 0.2 | P91: 0.2 | Q91: 0.1 | R91: 0.2 | S91: 0.1 | T91: 0.1 | U91: 0 | V91: 0 | W91: 0 | X91: 0 | Y91: 0 | Z91: 0 | AA91: 0 | AB91: 0 | AC91: 0 | AD91: 0 | AE91: 0 | AF91: 0 | AG91: 0 | AH91: 0 | AI91: 0 | AJ91: 0 | AK91: 0 | AL91: 0 | AM91: 0 | AN91: 0 | AO91: 0 | AP91: 0 | AQ91: 0 | AR91: 0 | AS91: 0 | AT91: 0 | AU91: 0 | AV91: 0 | AW91: 0 | AX91: 0 | AY91: 0 | AZ91: 0 | BA91: 0
A92: 4 | B92: Active | C92: Active | D92: Havasu | E92: NPI IS | F92: * Manager | G92: * Manager | H92: Dorothy Noh | I92: 45833 | J92: 46013 | K92: 0.3 | L92: 0.1 | M92: 0.1 | N92: 0.1 | O92: 0.1 | P92: 0.1 | Q92: 0.1 | R92: 0 | S92: 0 | T92: 0 | U92: 0 | V92: 0 | W92: 0 | X92: 0 | Y92: 0 | Z92: 0 | AA92: 0 | AB92: 0 | AC92: 0 | AD92: 0 | AE92: 0 | AF92: 0 | AG92: 0 | AH92: 0 | AI92: 0 | AJ92: 0 | AK92: 0 | AL92: 0 | AM92: 0 | AN92: 0 | AO92: 0 | AP92: 0 | AQ92: 0 | AR92: 0 | AS92: 0 | AT92: 0 | AU92: 0 | AV92: 0 | AW92: 0 | AX92: 0 | AY92: 0 | AZ92: 0 | BA92: 0
A93: 5 | B93: Active | C93: Active | D93: Havasu | E93: NPI IS | F93: System 1 | G93: Tech Lead | H93: Michael Kim | I93: 45833 | J93: 46013 | K93: 1 | L93: 1 | M93: 1 | N93: 0.5 | O93: 0.5 | P93: 0.7 | Q93: 1 | R93: 0.5 | S93: 0.2 | T93: 0.2 | U93: 0 | V93: 0 | W93: 0 | X93: 0 | Y93: 0 | Z93: 0 | AA93: 0 | AB93: 0 | AC93: 0 | AD93: 0 | AE93: 0 | AF93: 0 | AG93: 0 | AH93: 0 | AI93: 0 | AJ93: 0 | AK93: 0 | AL93: 0 | AM93: 0 | AN93: 0 | AO93: 0 | AP93: 0 | AQ93: 0 | AR93: 0 | AS93: 0 | AT93: 0 | AU93: 0 | AV93: 0 | AW93: 0 | AX93: 0 | AY93: 0 | AZ93: 0 | BA93: 0
A94: 6 | B94: Active | C94: Active | D94: Havasu | E94: NPI IS | F94: System 1 | G94: System engineer | H94: Ricky Kim | I94: 45833 | J94: 46013 | K94: 1 | L94: 1 | M94: 0.5 | N94: 0.5 | O94: 0 | P94: 0 | Q94: 0 | R94: 0 | S94: 0 | T94: 0 | U94: 0 | V94: 0 | W94: 0 | X94: 0 | Y94: 0 | Z94: 0 | AA94: 0 | AB94: 0 | AC94: 0 | AD94: 0 | AE94: 0 | AF94: 0 | AG94: 0 | AH94: 0 | AI94: 0 | AJ94: 0 | AK94: 0 | AL94: 0 | AM94: 0 | AN94: 0 | AO94: 0 | AP94: 0 | AQ94: 0 | AR94: 0 | AS94: 0 | AT94: 0 | AU94: 0 | AV94: 0 | AW94: 0 | AX94: 0 | AY94: 0 | AZ94: 0 | BA94: 0
A95: 7 | B95: Active | C95: Active | D95: Havasu | E95: NPI IS | F95: System 1 | G95: System engineer | H95: Anders You | I95: 45833 | J95: 46013 | K95: 1 | L95: 1 | M95: 1 | N95: 0 | O95: 0 | P95: 0 | Q95: 0 | R95: 0 | S95: 0 | T95: 0 | U95: 0 | V95: 0 | W95: 0 | X95: 0 | Y95: 0 | Z95: 0 | AA95: 0 | AB95: 0 | AC95: 0 | AD95: 0 | AE95: 0 | AF95: 0 | AG95: 0 | AH95: 0 | AI95: 0 | AJ95: 0 | AK95: 0 | AL95: 0 | AM95: 0 | AN95: 0 | AO95: 0 | AP95: 0 | AQ95: 0 | AR95: 0 | AS95: 0 | AT95: 0 | AU95: 0 | AV95: 0 | AW95: 0 | AX95: 0 | AY95: 0 | AZ95: 0 | BA95: 0
A96: 8 | B96: Active | C96: Active | D96: Havasu | E96: NPI IS | F96: System 1 | G96: System engineer | H96: Chloe Jeong | I96: 45833 | J96: 46013 | K96: 1 | L96: 1 | M96: 0.5 | N96: 0.5 | O96: 0.5 | P96: 1 | Q96: 1 | R96: 0 | S96: 0 | T96: 0 | U96: 0 | V96: 0 | W96: 0 | X96: 0 | Y96: 0 | Z96: 0 | AA96: 0 | AB96: 0 | AC96: 0 | AD96: 0 | AE96: 0 | AF96: 0 | AG96: 0 | AH96: 0 | AI96: 0 | AJ96: 0 | AK96: 0 | AL96: 0 | AM96: 0 | AN96: 0 | AO96: 0 | AP96: 0 | AQ96: 0 | AR96: 0 | AS96: 0 | AT96: 0 | AU96: 0 | AV96: 0 | AW96: 0 | AX96: 0 | AY96: 0 | AZ96: 0 | BA96: 0
A97: 9 | B97: Active | C97: Active | D97: Havasu | E97: NPI IS | F97: System 1 | G97: Service engineer | H97: Judy Lee | I97: 45833 | J97: 46013 | K97: 1 | L97: 1 | M97: 1 | N97: 0.5 | O97: 0.5 | P97: 0.7 | Q97: 1 | R97: 0.5 | S97: 0.2 | T97: 0.2 | U97: 0 | V97: 0 | W97: 0 | X97: 0 | Y97: 0 | Z97: 0 | AA97: 0 | AB97: 0 | AC97: 0 | AD97: 0 | AE97: 0 | AF97: 0 | AG97: 0 | AH97: 0 | AI97: 0 | AJ97: 0 | AK97: 0 | AL97: 0 | AM97: 0 | AN97: 0 | AO97: 0 | AP97: 0 | AQ97: 0 | AR97: 0 | AS97: 0 | AT97: 0 | AU97: 0 | AV97: 0 | AW97: 0 | AX97: 0 | AY97: 0 | AZ97: 0 | BA97: 0
A98: 10 | B98: Active | C98: Active | D98: Havasu | E98: NPI IS | F98: Mechanical | G98: Leader | H98: Jeremy Park | I98: 45833 | J98: 46013 | K98: 0.3 | L98: 0.1 | M98: 0.1 | N98: 0.1 | O98: 0.1 | P98: 0.1 | Q98: 0.1 | R98: 0 | S98: 0 | T98: 0 | U98: 0 | V98: 0 | W98: 0 | X98: 0 | Y98: 0 | Z98: 0 | AA98: 0 | AB98: 0 | AC98: 0 | AD98: 0 | AE98: 0 | AF98: 0 | AG98: 0 | AH98: 0 | AI98: 0 | AJ98: 0 | AK98: 0 | AL98: 0 | AM98: 0 | AN98: 0 | AO98: 0 | AP98: 0 | AQ98: 0 | AR98: 0 | AS98: 0 | AT98: 0 | AU98: 0 | AV98: 0 | AW98: 0 | AX98: 0 | AY98: 0 | AZ98: 0 | BA98: 0
A99: 11 | B99: Active | C99: Active | D99: Havasu | E99: NPI IS | F99: Mechanical | G99: Mechanical engineer | H99: Sooyoung Song | I99: 45833 | J99: 46013 | K99: 1 | L99: 1 | M99: 1 | N99: 1 | O99: 1 | P99: 1 | Q99: 0 | R99: 0 | S99: 0 | T99: 0 | U99: 0 | V99: 0 | W99: 0 | X99: 0 | Y99: 0 | Z99: 0 | AA99: 0 | AB99: 0 | AC99: 0 | AD99: 0 | AE99: 0 | AF99: 0 | AG99: 0 | AH99: 0 | AI99: 0 | AJ99: 0 | AK99: 0 | AL99: 0 | AM99: 0 | AN99: 0 | AO99: 0 | AP99: 0 | AQ99: 0 | AR99: 0 | AS99: 0 | AT99: 0 | AU99: 0 | AV99: 0 | AW99: 0 | AX99: 0 | AY99: 0 | AZ99: 0 | BA99: 0
A100: 13 | B100: Active | C100: Active | D100: Havasu | E100: Control Eng. | F100: * Manager | G100: * Manager | H100: Mogen Seo | I100: 45833 | J100: 46013 | K100: 0.2 | L100: 0.1 | M100: 0.1 | N100: 0.1 | O100: 0.1 | P100: 0.1 | Q100: 0.1 | R100: 0 | S100: 0 | T100: 0 | U100: 0 | V100: 0 | W100: 0 | X100: 0 | Y100: 0 | Z100: 0 | AA100: 0 | AB100: 0 | AC100: 0 | AD100: 0 | AE100: 0 | AF100: 0 | AG100: 0 | AH100: 0 | AI100: 0 | AJ100: 0 | AK100: 0 | AL100: 0 | AM100: 0 | AN100: 0 | AO100: 0 | AP100: 0 | AQ100: 0 | AR100: 0 | AS100: 0 | AT100: 0 | AU100: 0 | AV100: 0 | AW100: 0 | AX100: 0 | AY100: 0 | AZ100: 0 | BA100: 0
... A106: 19 | B106: Active | C106: Active | D106: Havasu | E106: Control Eng. | F106: Electrical | G106: Electrical engineer | H106: Electrical engineer | I106: 45833 | J106: 46013 | K106: 0 | L106: 0 | M106: 0 | N106: 0.5 | O106: 0.5 | P106: 0.5 | Q106: 0.5 | R106: 0 | S106: 0 | T106: 0 | U106: 0 | V106: 0 | W106: 0 | X106: 0 | Y106: 0 | Z106: 0 | AA106: 0 | AB106: 0 | AC106: 0 | AD106: 0 | AE106: 0 | AF106: 0 | AG106: 0 | AH106: 0 | AI106: 0 | AJ106: 0 | AK106: 0 | AL106: 0 | AM106: 0 | AN106: 0 | AO106: 0 | AP106: 0 | AQ106: 0 | AR106: 0 | AS106: 0 | AT106: 0 | AU106: 0 | AV106: 0 | AW106: 0 | AX106: 0 | AY106: 0 | AZ106: 0 | BA106: 0
A107: 20 | B107: Active | C107: Active | D107: Havasu | E107: 0 | F107: 0 | G107: 0 | H107: Gate plan | I107: 45833 | J107: 46013 | K107: G5 | L107: 0 | M107: 0 | N107: 0 | O107: 0 | P107: 0 | Q107: G6 | R107: 0 | S107: 0 | T107: 0 | U107: 0 | V107: 0 | W107: 0 | X107: 0 | Y107: 0 | Z107: 0 | AA107: 0 | AB107: 0 | AC107: 0 | AD107: 0 | AE107: 0 | AF107: 0 | AG107: 0 | AH107: 0 | AI107: 0 | AJ107: 0 | AK107: 0 | AL107: 0 | AM107: 0 | AN107: 0 | AO107: 0 | AP107: 0 | AQ107: 0 | AR107: 0 | AS107: 0 | AT107: 0 | AU107: 0 | AV107: 0 | AW107: 0 | AX107: 0 | AY107: 0 | AZ107: 0 | BA107: 0
A108: 1 | B108: Active | C108: 0 | D108: Tumalo Ph1 | E108: Engineering | F108: * Manager | G108: * Eng Manager | H108: Jiyoung Son | I108: 46054 | J108: 46264 | K108: 0.2 | L108: 0.2 | M108: 0.2 | N108: 0.2 | O108: 0.2 | P108: 0.2 | Q108: 0.2 | R108: 0.2 | S108: 0.2 | T108: 0.2 | U108: 0.1 | V108: 0.1 | W108: 0.1 | X108: 0.1 | Y108: 0.1 | Z108: 0 | AA108: 0 | AB108: 0 | AC108: 0 | AD108: 0 | AE108: 0 | AF108: 0 | AG108: 0 | AH108: 0 | AI108: 0 | AJ108: 0 | AK108: 0 | AL108: 0 | AM108: 0 | AN108: 0 | AO108: 0 | AP108: 0 | AQ108: 0 | AR108: 0 | AS108: 0 | AT108: 0 | AU108: 0 | AV108: 0 | AW108: 0 | AX108: 0 | AY108: 0 | AZ108: 0 | BA108: 0
A109: 2 | B109: Active | C109: 0 | D109: Tumalo Ph1 | E109: PMO | F109: * Manager | G109: * Manager | H109: Jinney Lee | I109: 46054 | J109: 46264 | K109: 0.2 | L109: 0.3 | M109: 0.3 | N109: 0.3 | O109: 0.3 | P109: 0.3 | Q109: 0.3 | R109: 0.3 | S109: 0.3 | T109: 0.2 | U109: 0.2 | V109: 0.2 | W109: 0.2 | X109: 0.2 | Y109: 0.2 | Z109: 0 | AA109: 0 | AB109: 0 | AC109: 0 | AD109: 0 | AE109: 0 | AF109: 0 | AG109: 0 | AH109: 0 | AI109: 0 | AJ109: 0 | AK109: 0 | AL109: 0 | AM109: 0 | AN109: 0 | AO109: 0 | AP109: 0 | AQ109: 0 | AR109: 0 | AS109: 0 | AT109: 0 | AU109: 0 | AV109: 0 | AW109: 0 | AX109: 0 | AY109: 0 | AZ109: 0 | BA109: 0
A110: 3 | B110: Active | C110: 0 | D110: Tumalo Ph1 | E110: PMO | F110: PM | G110: PM | H110: Yuro Lee | I110: 46054 | J110: 46264 | K110: 1 | L110: 1 | M110: 1 | N110: 1 | O110: 1 | P110: 1 | Q110: 0.7 | R110: 0.5 | S110: 0.5 | T110: 0.5 | U110: 0.5 | V110: 0.5 | W110: 0.5 | X110: 0.5 | Y110: 0.5 | Z110: 0 | AA110: 0 | AB110: 0 | AC110: 0 | AD110: 0 | AE110: 0 | AF110: 0 | AG110: 0 | AH110: 0 | AI110: 0 | AJ110: 0 | AK110: 0 | AL110: 0 | AM110: 0 | AN110: 0 | AO110: 0 | AP110: 0 | AQ110: 0 | AR110: 0 | AS110: 0 | AT110: 0 | AU110: 0 | AV110: 0 | AW110: 0 | AX110: 0 | AY110: 0 | AZ110: 0 | BA110: 0
A111: 4 | B111: Active | C111: Active | D111: Tumalo Ph1 | E111: NPI IS | F111: * Manager | G111: * Manager | H111: Dorothy Noh | I111: 46054 | J111: 46264 | K111: 0.2 | L111: 0.3 | M111: 0.3 | N111: 0.3 | O111: 0.3 | P111: 0.3 | Q111: 0.2 | R111: 0.3 | S111: 0.3 | T111: 0.2 | U111: 0.2 | V111: 0.2 | W111: 0.1 | X111: 0.1 | Y111: 0.1 | Z111: 0 | AA111: 0 | AB111: 0 | AC111: 0 | AD111: 0 | AE111: 0 | AF111: 0 | AG111: 0 | AH111: 0 | AI111: 0 | AJ111: 0 | AK111: 0 | AL111: 0 | AM111: 0 | AN111: 0 | AO111: 0 | AP111: 0 | AQ111: 0 | AR111: 0 | AS111: 0 | AT111: 0 | AU111: 0 | AV111: 0 | AW111: 0 | AX111: 0 | AY111: 0 | AZ111: 0 | BA111: 0
A112: 5 | B112: Active | C112: Active | D112: Tumalo Ph1 | E112: NPI IS | F112: System 3 | G112: Tech Lead | H112: Jacob Lee | I112: 46054 | J112: 46264 | K112: 1 | L112: 1 | M112: 1 | N112: 0.6 | O112: 0.6 | P112: 0.6 | Q112: 0.6 | R112: 0.6 | S112: 0.6 | T112: 0.5 | U112: 0.5 | V112: 0.5 | W112: 0.5 | X112: 0.5 | Y112: 0.5 | Z112: 0 | AA112: 0 | AB112: 0 | AC112: 0 | AD112: 0 | AE112: 0 | AF112: 0 | AG112: 0 | AH112: 0 | AI112: 0 | AJ112: 0 | AK112: 0 | AL112: 0 | AM112: 0 | AN112: 0 | AO112: 0 | AP112: 0 | AQ112: 0 | AR112: 0 | AS112: 0 | AT112: 0 | AU112: 0 | AV112: 0 | AW112: 0 | AX112: 0 | AY112: 0 | AZ112: 0 | BA112: 0
A113: 6 | B113: Active | C113: Active | D113: Tumalo Ph1 | E113: NPI IS | F113: System 3 | G113: Tech Lead | H113: Grace Ji | I113: 46054 | J113: 46264 | K113: 1 | L113: 1 | M113: 1 | N113: 1 | O113: 0.5 | P113: 0 | Q113: 0 | R113: 0 | S113: 0 | T113: 0 | U113: 0 | V113: 0 | W113: 0 | X113: 0 | Y113: 0 | Z113: 0 | AA113: 0 | AB113: 0 | AC113: 0 | AD113: 0 | AE113: 0 | AF113: 0 | AG113: 0 | AH113: 0 | AI113: 0 | AJ113: 0 | AK113: 0 | AL113: 0 | AM113: 0 | AN113: 0 | AO113: 0 | AP113: 0 | AQ113: 0 | AR113: 0 | AS113: 0 | AT113: 0 | AU113: 0 | AV113: 0 | AW113: 0 | AX113: 0 | AY113: 0 | AZ113: 0 | BA113: 0
A114: 7 | B114: Active | C114: Active | D114: Tumalo Ph1 | E114: NPI IS | F114: System 2 | G114: System engineer | H114: Harry Kwak | I114: 46054 | J114: 46264 | K114: 1 | L114: 1 | M114: 0.6 | N114: 0.6 | O114: 0.5 | P114: 0.5 | Q114: 0.6 | R114: 0 | S114: 0 | T114: 0 | U114: 0 | V114: 0 | W114: 0 | X114: 0 | Y114: 0 | Z114: 0 | AA114: 0 | AB114: 0 | AC114: 0 | AD114: 0 | AE114: 0 | AF114: 0 | AG114: 0 | AH114: 0 | AI114: 0 | AJ114: 0 | AK114: 0 | AL114: 0 | AM114: 0 | AN114: 0 | AO114: 0 | AP114: 0 | AQ114: 0 | AR114: 0 | AS114: 0 | AT114: 0 | AU114: 0 | AV114: 0 | AW114: 0 | AX114: 0 | AY114: 0 | AZ114: 0 | BA114: 0
A115: 8 | B115: Active | C115: Active | D115: Tumalo Ph1 | E115: NPI IS | F115: System 3 | G115: System engineer | H115: Alyssa Park | I115: 46054 | J115: 46264 | K115: 1 | L115: 1 | M115: 0.6 | N115: 0.6 | O115: 0.6 | P115: 0.6 | Q115: 0.6 | R115: 0.6 | S115: 0.6 | T115: 0.6 | U115: 0.6 | V115: 0.6 | W115: 0.6 | X115: 0.6 | Y115: 0.6 | Z115: 0 | AA115: 0 | AB115: 0 | AC115: 0 | AD115: 0 | AE115: 0 | AF115: 0 | AG115: 0 | AH115: 0 | AI115: 0 | AJ115: 0 | AK115: 0 | AL115: 0 | AM115: 0 | AN115: 0 | AO115: 0 | AP115: 0 | AQ115: 0 | AR115: 0 | AS115: 0 | AT115: 0 | AU115: 0 | AV115: 0 | AW115: 0 | AX115: 0 | AY115: 0 | AZ115: 0 | BA115: 0
A116: 9 | B116: Active | C116: Active | D116: Tumalo Ph1 | E116: NPI IS | F116: System 3 | G116: System engineer | H116: Noah Yeom | I116: 46054 | J116: 46264 | K116: 1 | L116: 1 | M116: 0.6 | N116: 0.6 | O116: 0.6 | P116: 0.6 | Q116: 0.6 | R116: 0.6 | S116: 0.6 | T116: 0.6 | U116: 0.6 | V116: 0.6 | W116: 0.6 | X116: 0.6 | Y116: 0.6 | Z116: 0 | AA116: 0 | AB116: 0 | AC116: 0 | AD116: 0 | AE116: 0 | AF116: 0 | AG116: 0 | AH116: 0 | AI116: 0 | AJ116: 0 | AK116: 0 | AL116: 0 | AM116: 0 | AN116: 0 | AO116: 0 | AP116: 0 | AQ116: 0 | AR116: 0 | AS116: 0 | AT116: 0 | AU116: 0 | AV116: 0 | AW116: 0 | AX116: 0 | AY116: 0 | AZ116: 0 | BA116: 0
A117: 10 | B117: Active | C117: Active | D117: Tumalo Ph1 | E117: NPI IS | F117: System 1 | G117: System engineer | H117: Anders You | I117: 46054 | J117: 46264 | K117: 0 | L117: 0 | M117: 0 | N117: 0.5 | O117: 0.5 | P117: 0.5 | Q117: 0.5 | R117: 0.5 | S117: 0.5 | T117: 0.5 | U117: 0.5 | V117: 0.5 | W117: 0.5 | X117: 0.5 | Y117: 0.5 | Z117: 0 | AA117: 0 | AB117: 0 | AC117: 0 | AD117: 0 | AE117: 0 | AF117: 0 | AG117: 0 | AH117: 0 | AI117: 0 | AJ117: 0 | AK117: 0 | AL117: 0 | AM117: 0 | AN117: 0 | AO117: 0 | AP117: 0 | AQ117: 0 | AR117: 0 | AS117: 0 | AT117: 0 | AU117: 0 | AV117: 0 | AW117: 0 | AX117: 0 | AY117: 0 | AZ117: 0 | BA117: 0
A118: 11 | B118: Active | C118: Active | D118: Tumalo Ph1 | E118: NPI IS | F118: System 3 | G118: Service engineer | H118: Fred Lee | I118: 46054 | J118: 46264 | K118: 1 | L118: 1 | M118: 0.6 | N118: 0.6 | O118: 0.6 | P118: 0.6 | Q118: 0.6 | R118: 0.6 | S118: 0.6 | T118: 0.6 | U118: 0.6 | V118: 0.6 | W118: 0.6 | X118: 0.6 | Y118: 0.6 | Z118: 0 | AA118: 0 | AB118: 0 | AC118: 0 | AD118: 0 | AE118: 0 | AF118: 0 | AG118: 0 | AH118: 0 | AI118: 0 | AJ118: 0 | AK118: 0 | AL118: 0 | AM118: 0 | AN118: 0 | AO118: 0 | AP118: 0 | AQ118: 0 | AR118: 0 | AS118: 0 | AT118: 0 | AU118: 0 | AV118: 0 | AW118: 0 | AX118: 0 | AY118: 0 | AZ118: 0 | BA118: 0
A119: 12 | B119: Active | C119: Active | D119: Tumalo Ph1 | E119: NPI IS | F119: System 1 | G119: Service engineer | H119: Chan Hwang | I119: 46054 | J119: 46264 | K119: 1 | L119: 1 | M119: 0.6 | N119: 0.6 | O119: 0 | P119: 0 | Q119: 0 | R119: 0 | S119: 0 | T119: 0 | U119: 0 | V119: 0 | W119: 0 | X119: 0 | Y119: 0 | Z119: 0 | AA119: 0 | AB119: 0 | AC119: 0 | AD119: 0 | AE119: 0 | AF119: 0 | AG119: 0 | AH119: 0 | AI119: 0 | AJ119: 0 | AK119: 0 | AL119: 0 | AM119: 0 | AN119: 0 | AO119: 0 | AP119: 0 | AQ119: 0 | AR119: 0 | AS119: 0 | AT119: 0 | AU119: 0 | AV119: 0 | AW119: 0 | AX119: 0 | AY119: 0 | AZ119: 0 | BA119: 0
A120: 13 | B120: Active | C120: Active | D120: Tumalo Ph1 | E120: NPI IS | F120: System 1 | G120: Technician | H120: Robin Park | I120: 46054 | J120: 46264 | K120: 0.8 | L120: 0.8 | M120: 0.8 | N120: 0.8 | O120: 0 | P120: 0 | Q120: 0 | R120: 0 | S120: 0 | T120: 0 | U120: 0 | V120: 0 | W120: 0 | X120: 0 | Y120: 0 | Z120: 0 | AA120: 0 | AB120: 0 | AC120: 0 | AD120: 0 | AE120: 0 | AF120: 0 | AG120: 0 | AH120: 0 | AI120: 0 | AJ120: 0 | AK120: 0 | AL120: 0 | AM120: 0 | AN120: 0 | AO120: 0 | AP120: 0 | AQ120: 0 | AR120: 0 | AS120: 0 | AT120: 0 | AU120: 0 | AV120: 0 | AW120: 0 | AX120: 0 | AY120: 0 | AZ120: 0 | BA120: 0
A121: 14 | B121: Active | C121: Active | D121: Tumalo Ph1 | E121: NPI IS | F121: Mechanical | G121: Leader | H121: Jeremy Park | I121: 46054 | J121: 46264 | K121: 0.3 | L121: 0.3 | M121: 0.5 | N121: 0.3 | O121: 0.3 | P121: 0.3 | Q121: 0.3 | R121: 0.1 | S121: 0.1 | T121: 0.1 | U121: 0.1 | V121: 0.1 | W121: 0.1 | X121: 0.1 | Y121: 0.1 | Z121: 0 | AA121: 0 | AB121: 0 | AC121: 0 | AD121: 0 | AE121: 0 | AF121: 0 | AG121: 0 | AH121: 0 | AI121: 0 | AJ121: 0 | AK121: 0 | AL121: 0 | AM121: 0 | AN121: 0 | AO121: 0 | AP121: 0 | AQ121: 0 | AR121: 0 | AS121: 0 | AT121: 0 | AU121: 0 | AV121: 0 | AW121: 0 | AX121: 0 | AY121: 0 | AZ121: 0 | BA121: 0
A122: 15 | B122: Active | C122: Active | D122: Tumalo Ph1 | E122: NPI IS | F122: Mechanical | G122: Mechanical engineer | H122: Evan Yu | I122: 46054 | J122: 46264 | K122: 1 | L122: 1 | M122: 1 | N122: 0 | O122: 0 | P122: 0 | Q122: 0 | R122: 0 | S122: 0 | T122: 0 | U122: 0 | V122: 0 | W122: 0 | X122: 0 | Y122: 0 | Z122: 0 | AA122: 0 | AB122: 0 | AC122: 0 | AD122: 0 | AE122: 0 | AF122: 0 | AG122: 0 | AH122: 0 | AI122: 0 | AJ122: 0 | AK122: 0 | AL122: 0 | AM122: 0 | AN122: 0 | AO122: 0 | AP122: 0 | AQ122: 0 | AR122: 0 | AS122: 0 | AT122: 0 | AU122: 0 | AV122: 0 | AW122: 0 | AX122: 0 | AY122: 0 | AZ122: 0 | BA122: 0
... A137: 31 | B137: Active | C137: Active | D137: Tumalo Ph1 | E137: Control Eng. | F137: Electrical | G137: Electrical engineer | H137: Andy Jang | I137: 46054 | J137: 46264 | K137: 0 | L137: 0 | M137: 0 | N137: 0 | O137: 0 | P137: 0 | Q137: 0 | R137: 0 | S137: 0 | T137: 0 | U137: 0 | V137: 0 | W137: 0 | X137: 0 | Y137: 0 | Z137: 0 | AA137: 0 | AB137: 0 | AC137: 0 | AD137: 0 | AE137: 0 | AF137: 0 | AG137: 0 | AH137: 0 | AI137: 0 | AJ137: 0 | AK137: 0 | AL137: 0 | AM137: 0 | AN137: 0 | AO137: 0 | AP137: 0 | AQ137: 0 | AR137: 0 | AS137: 0 | AT137: 0 | AU137: 0 | AV137: 0 | AW137: 0 | AX137: 0 | AY137: 0 | AZ137: 0 | BA137: 0
A138: 32 | B138: Active | C138: Active | D138: Tumalo Ph1 | E138: 0 | F138: 0 | G138: 0 | H138: Gate Plan | I138: 46054 | J138: 46264 | K138: 0 | L138: 0 | M138: G4 | N138: 0 | O138: 0 | P138: 0 | Q138: 0 | R138: 0 | S138: G5 | T138: 0 | U138: 0 | V138: 0 | W138: 0 | X138: 0 | Y138: G6 | Z138: 0 | AA138: 0 | AB138: 0 | AC138: 0 | AD138: 0 | AE138: 0 | AF138: 0 | AG138: 0 | AH138: 0 | AI138: 0 | AJ138: 0 | AK138: 0 | AL138: 0 | AM138: 0 | AN138: 0 | AO138: 0 | AP138: 0 | AQ138: 0 | AR138: 0 | AS138: 0 | AT138: 0 | AU138: 0 | AV138: 0 | AW138: 0 | AX138: 0 | AY138: 0 | AZ138: 0 | BA138: 0
A139: 1 | B139: Active | C139: Active | D139: HRS Integrates | E139: PMO | F139: * Manager | G139: * Manager | H139: Jinney Lee | I139: 46111 | J139: 46111 | K139: 0.1 | L139: 0.1 | M139: 0.1 | N139: 0.1 | O139: 0.1 | P139: 0.1 | Q139: 0.3 | R139: 0.1 | S139: 0.1 | T139: 0.1 | U139: 0 | V139: 0 | W139: 0 | X139: 0 | Y139: 0 | Z139: 0 | AA139: 0 | AB139: 0 | AC139: 0 | AD139: 0 | AE139: 0 | AF139: 0 | AG139: 0 | AH139: 0 | AI139: 0 | AJ139: 0 | AK139: 0 | AL139: 0 | AM139: 0 | AN139: 0 | AO139: 0 | AP139: 0 | AQ139: 0 | AR139: 0 | AS139: 0 | AT139: 0 | AU139: 0 | AV139: 0 | AW139: 0 | AX139: 0 | AY139: 0 | AZ139: 0 | BA139: 0
A140: 2 | B140: Active | C140: Active | D140: HRS Integrates | E140: PMO | F140: PM | G140: PM | H140: Eugene Lee | I140: 46111 | J140: 46111 | K140: 0.1 | L140: 0.1 | M140: 0.1 | N140: 0.1 | O140: 0.1 | P140: 0.9 | Q140: 0.1 | R140: 0.1 | S140: 0.1 | T140: 0.1 | U140: 0 | V140: 0 | W140: 0 | X140: 0 | Y140: 0 | Z140: 0 | AA140: 0 | AB140: 0 | AC140: 0 | AD140: 0 | AE140: 0 | AF140: 0 | AG140: 0 | AH140: 0 | AI140: 0 | AJ140: 0 | AK140: 0 | AL140: 0 | AM140: 0 | AN140: 0 | AO140: 0 | AP140: 0 | AQ140: 0 | AR140: 0 | AS140: 0 | AT140: 0 | AU140: 0 | AV140: 0 | AW140: 0 | AX140: 0 | AY140: 0 | AZ140: 0 | BA140: 0
A141: 3 | B141: Active | C141: Active | D141: HRS Integrates | E141: NPI IS | F141: * Manager | G141: * Manager | H141: Dorothy Noh | I141: 46111 | J141: 46111 | K141: 0.1 | L141: 0.1 | M141: 0.1 | N141: 0.1 | O141: 0.1 | P141: 0.1 | Q141: 0.3 | R141: 0.1 | S141: 0.1 | T141: 0.1 | U141: 0 | V141: 0 | W141: 0 | X141: 0 | Y141: 0 | Z141: 0 | AA141: 0 | AB141: 0 | AC141: 0 | AD141: 0 | AE141: 0 | AF141: 0 | AG141: 0 | AH141: 0 | AI141: 0 | AJ141: 0 | AK141: 0 | AL141: 0 | AM141: 0 | AN141: 0 | AO141: 0 | AP141: 0 | AQ141: 0 | AR141: 0 | AS141: 0 | AT141: 0 | AU141: 0 | AV141: 0 | AW141: 0 | AX141: 0 | AY141: 0 | AZ141: 0 | BA141: 0
A142: 4 | B142: Active | C142: Active | D142: HRS Integrates | E142: NPI IS | F142: System 2 | G142: Tech Lead | H142: Chad Seo | I142: 46111 | J142: 46111 | K142: 0.1 | L142: 0.1 | M142: 0.1 | N142: 0 | O142: 0 | P142: 0 | Q142: 0 | R142: 0 | S142: 0 | T142: 0 | U142: 0 | V142: 0 | W142: 0 | X142: 0 | Y142: 0 | Z142: 0 | AA142: 0 | AB142: 0 | AC142: 0 | AD142: 0 | AE142: 0 | AF142: 0 | AG142: 0 | AH142: 0 | AI142: 0 | AJ142: 0 | AK142: 0 | AL142: 0 | AM142: 0 | AN142: 0 | AO142: 0 | AP142: 0 | AQ142: 0 | AR142: 0 | AS142: 0 | AT142: 0 | AU142: 0 | AV142: 0 | AW142: 0 | AX142: 0 | AY142: 0 | AZ142: 0 | BA142: 0
A143: 5 | B143: Active | C143: Active | D143: HRS Integrates | E143: NPI IS | F143: System 3 | G143: Tech Lead | H143: William Lee | I143: 46111 | J143: 46111 | K143: 0.1 | L143: 0.1 | M143: 0.1 | N143: 0.1 | O143: 0.1 | P143: 0.1 | Q143: 0.1 | R143: 0.1 | S143: 0.1 | T143: 0.1 | U143: 0 | V143: 0 | W143: 0 | X143: 0 | Y143: 0 | Z143: 0 | AA143: 0 | AB143: 0 | AC143: 0 | AD143: 0 | AE143: 0 | AF143: 0 | AG143: 0 | AH143: 0 | AI143: 0 | AJ143: 0 | AK143: 0 | AL143: 0 | AM143: 0 | AN143: 0 | AO143: 0 | AP143: 0 | AQ143: 0 | AR143: 0 | AS143: 0 | AT143: 0 | AU143: 0 | AV143: 0 | AW143: 0 | AX143: 0 | AY143: 0 | AZ143: 0 | BA143: 0
A144: 6 | B144: Active | C144: Active | D144: HRS Integrates | E144: NPI IS | F144: System 2 | G144: Tech Lead | H144: Emma Kim | I144: 46111 | J144: 46111 | K144: 0 | L144: 0 | M144: 0 | N144: 0.3 | O144: 0.9 | P144: 0.9 | Q144: 0.5 | R144: 0 | S144: 0 | T144: 0 | U144: 0 | V144: 0 | W144: 0 | X144: 0 | Y144: 0 | Z144: 0 | AA144: 0 | AB144: 0 | AC144: 0 | AD144: 0 | AE144: 0 | AF144: 0 | AG144: 0 | AH144: 0 | AI144: 0 | AJ144: 0 | AK144: 0 | AL144: 0 | AM144: 0 | AN144: 0 | AO144: 0 | AP144: 0 | AQ144: 0 | AR144: 0 | AS144: 0 | AT144: 0 | AU144: 0 | AV144: 0 | AW144: 0 | AX144: 0 | AY144: 0 | AZ144: 0 | BA144: 0
A145: 7 | B145: Active | C145: Active | D145: HRS Integrates | E145: NPI IS | F145: System 2 | G145: Service engineer | H145: Sophie Kim | I145: 46111 | J145: 46111 | K145: 0 | L145: 0 | M145: 0 | N145: 0.3 | O145: 1 | P145: 0.5 | Q145: 1 | R145: 0 | S145: 0 | T145: 0 | U145: 0 | V145: 0 | W145: 0 | X145: 0 | Y145: 0 | Z145: 0 | AA145: 0 | AB145: 0 | AC145: 0 | AD145: 0 | AE145: 0 | AF145: 0 | AG145: 0 | AH145: 0 | AI145: 0 | AJ145: 0 | AK145: 0 | AL145: 0 | AM145: 0 | AN145: 0 | AO145: 0 | AP145: 0 | AQ145: 0 | AR145: 0 | AS145: 0 | AT145: 0 | AU145: 0 | AV145: 0 | AW145: 0 | AX145: 0 | AY145: 0 | AZ145: 0 | BA145: 0
A146: 8 | B146: Active | C146: Active | D146: HRS Integrates | E146: NPI IS | F146: System 2 | G146: System engineer | H146: Kevin Ko | I146: 0 | J146: 0 | K146: 0 | L146: 0 | M146: 0 | N146: 0 | O146: 1 | P146: 0.5 | Q146: 1 | R146: 0 | S146: 0 | T146: 0 | U146: 0 | V146: 0 | W146: 0 | X146: 0 | Y146: 0 | Z146: 0 | AA146: 0 | AB146: 0 | AC146: 0 | AD146: 0 | AE146: 0 | AF146: 0 | AG146: 0 | AH146: 0 | AI146: 0 | AJ146: 0 | AK146: 0 | AL146: 0 | AM146: 0 | AN146: 0 | AO146: 0 | AP146: 0 | AQ146: 0 | AR146: 0 | AS146: 0 | AT146: 0 | AU146: 0 | AV146: 0 | AW146: 0 | AX146: 0 | AY146: 0 | AZ146: 0 | BA146: 0
A147: 9 | B147: Active | C147: Active | D147: HRS Integrates | E147: NPI IS | F147: Mechanical | G147: Mechanical engineer | H147: Jayden Lee | I147: 46111 | J147: 46111 | K147: 0 | L147: 0 | M147: 0 | N147: 0.3 | O147: 0.5 | P147: 0.5 | Q147: 0 | R147: 0 | S147: 0 | T147: 0 | U147: 0 | V147: 0 | W147: 0 | X147: 0 | Y147: 0 | Z147: 0 | AA147: 0 | AB147: 0 | AC147: 0 | AD147: 0 | AE147: 0 | AF147: 0 | AG147: 0 | AH147: 0 | AI147: 0 | AJ147: 0 | AK147: 0 | AL147: 0 | AM147: 0 | AN147: 0 | AO147: 0 | AP147: 0 | AQ147: 0 | AR147: 0 | AS147: 0 | AT147: 0 | AU147: 0 | AV147: 0 | AW147: 0 | AX147: 0 | AY147: 0 | AZ147: 0 | BA147: 0
A148: 10 | B148: Active | C148: Active | D148: HRS Integrates | E148: NPI IS | F148: Mechanical | G148: Mechanical engineer | H148: Sooyoung Song | I148: 46111 | J148: 46111 | K148: 0 | L148: 0 | M148: 0 | N148: 0 | O148: 0 | P148: 0 | Q148: 1 | R148: 0 | S148: 0 | T148: 0 | U148: 0 | V148: 0 | W148: 0 | X148: 0 | Y148: 0 | Z148: 0 | AA148: 0 | AB148: 0 | AC148: 0 | AD148: 0 | AE148: 0 | AF148: 0 | AG148: 0 | AH148: 0 | AI148: 0 | AJ148: 0 | AK148: 0 | AL148: 0 | AM148: 0 | AN148: 0 | AO148: 0 | AP148: 0 | AQ148: 0 | AR148: 0 | AS148: 0 | AT148: 0 | AU148: 0 | AV148: 0 | AW148: 0 | AX148: 0 | AY148: 0 | AZ148: 0 | BA148: 0
A149: 11 | B149: Active | C149: Active | D149: HRS Integrates | E149: Control Eng. | F149: Electrical | G149: Electrical engineer | H149: Dean Choi | I149: 46111 | J149: 46111 | K149: 0 | L149: 0 | M149: 0 | N149: 0 | O149: 0.5 | P149: 0.5 | Q149: 0 | R149: 0 | S149: 0 | T149: 0 | U149: 0 | V149: 0 | W149: 0 | X149: 0 | Y149: 0 | Z149: 0 | AA149: 0 | AB149: 0 | AC149: 0 | AD149: 0 | AE149: 0 | AF149: 0 | AG149: 0 | AH149: 0 | AI149: 0 | AJ149: 0 | AK149: 0 | AL149: 0 | AM149: 0 | AN149: 0 | AO149: 0 | AP149: 0 | AQ149: 0 | AR149: 0 | AS149: 0 | AT149: 0 | AU149: 0 | AV149: 0 | AW149: 0 | AX149: 0 | AY149: 0 | AZ149: 0 | BA149: 0
A150: 12 | B150: Active | C150: Active | D150: HRS Integrates | E150: Control Eng. | F150: Software | G150: SW test engineer | H150: Moonsu Cho | I150: 46111 | J150: 46111 | K150: 0 | L150: 0 | M150: 0 | N150: 0 | O150: 0.5 | P150: 0.5 | Q150: 0 | R150: 0 | S150: 0 | T150: 0 | U150: 0 | V150: 0 | W150: 0 | X150: 0 | Y150: 0 | Z150: 0 | AA150: 0 | AB150: 0 | AC150: 0 | AD150: 0 | AE150: 0 | AF150: 0 | AG150: 0 | AH150: 0 | AI150: 0 | AJ150: 0 | AK150: 0 | AL150: 0 | AM150: 0 | AN150: 0 | AO150: 0 | AP150: 0 | AQ150: 0 | AR150: 0 | AS150: 0 | AT150: 0 | AU150: 0 | AV150: 0 | AW150: 0 | AX150: 0 | AY150: 0 | AZ150: 0 | BA150: 0
... A152: 15 | B152: Active | C152: Active | D152: HRS Integrates | E152: PMO | F152: PM | G152: PM | H152: Yuro Lee | I152: 0 | J152: 0 | K152: 0 | L152: 0 | M152: 0 | N152: 0 | O152: 0 | P152: 0 | Q152: 0.3 | R152: 0 | S152: 0 | T152: 0 | U152: 0 | V152: 0 | W152: 0 | X152: 0 | Y152: 0 | Z152: 0 | AA152: 0 | AB152: 0 | AC152: 0 | AD152: 0 | AE152: 0 | AF152: 0 | AG152: 0 | AH152: 0 | AI152: 0 | AJ152: 0 | AK152: 0 | AL152: 0 | AM152: 0 | AN152: 0 | AO152: 0 | AP152: 0 | AQ152: 0 | AR152: 0 | AS152: 0 | AT152: 0 | AU152: 0 | AV152: 0 | AW152: 0 | AX152: 0 | AY152: 0 | AZ152: 0 | BA152: 0
A153: 16 | B153: Active | C153: Active | D153: HRS Integrates | E153: 0 | F153: 0 | G153: 0 | H153: Gate Plan | I153: 46111 | J153: 46111 | K153: G2 | L153: 0 | M153: 0 | N153: 0 | O153: 0 | P153: 0 | Q153: 0 | R153: 0 | S153: 0 | T153: G5 | U153: 0 | V153: 0 | W153: 0 | X153: 0 | Y153: 0 | Z153: 0 | AA153: 0 | AB153: G5 | AC153: 0 | AD153: 0 | AE153: 0 | AF153: G6 | AG153: 0 | AH153: 0 | AI153: 0 | AJ153: 0 | AK153: 0 | AL153: 0 | AM153: 0 | AN153: 0 | AO153: 0 | AP153: 0 | AQ153: 0 | AR153: 0 | AS153: 0 | AT153: 0 | AU153: 0 | AV153: 0 | AW153: 0 | AX153: 0 | AY153: 0 | AZ153: 0 | BA153: 0
A154: 1 | B154: Active | C154: Active | D154: HRS | E154: Engineering | F154: * Manager | G154: * Eng Manager | H154: JiYoung Son | I154: 0 | J154: 0 | K154: 0 | L154: 0 | M154: 0 | N154: 0 | O154: 0 | P154: 0 | Q154: 0 | R154: 0.1 | S154: 0.1 | T154: 0.1 | U154: 0.1 | V154: 0.1 | W154: 0.1 | X154: 0.1 | Y154: 0.1 | Z154: 0.1 | AA154: 0.1 | AB154: 0.1 | AC154: 0.1 | AD154: 0.1 | AE154: 0.1 | AF154: 0.1 | AG154: 0.1 | AH154: 0.1 | AI154: 0.1 | AJ154: 0.1 | AK154: 0.1 | AL154: 0.1 | AM154: 0.1 | AN154: 0 | AO154: 0 | AP154: 0 | AQ154: 0 | AR154: 0 | AS154: 0 | AT154: 0 | AU154: 0 | AV154: 0 | AW154: 0 | AX154: 0 | AY154: 0 | AZ154: 0 | BA154: 0
A155: 2 | B155: Active | C155: Active | D155: HRS | E155: PMO | F155: * Manager | G155: * Manager | H155: Jinney Lee | I155: 0 | J155: 0 | K155: 0 | L155: 0 | M155: 0 | N155: 0 | O155: 0 | P155: 0 | Q155: 0 | R155: 0.2 | S155: 0.2 | T155: 0.2 | U155: 0.1 | V155: 0.1 | W155: 0.1 | X155: 0.1 | Y155: 0.1 | Z155: 0.1 | AA155: 0.1 | AB155: 0.1 | AC155: 0.1 | AD155: 0.1 | AE155: 0.1 | AF155: 0.1 | AG155: 0.1 | AH155: 0.1 | AI155: 0.1 | AJ155: 0.1 | AK155: 0.1 | AL155: 0.1 | AM155: 0.1 | AN155: 0 | AO155: 0 | AP155: 0 | AQ155: 0 | AR155: 0 | AS155: 0 | AT155: 0 | AU155: 0 | AV155: 0 | AW155: 0 | AX155: 0 | AY155: 0 | AZ155: 0 | BA155: 0
A156: 3 | B156: Active | C156: Active | D156: HRS | E156: PMO | F156: PM | G156: PM | H156: Project manager | I156: 0 | J156: 0 | K156: 0 | L156: 0 | M156: 0 | N156: 0 | O156: 0 | P156: 0 | Q156: 0 | R156: 1 | S156: 1 | T156: 1 | U156: 1 | V156: 1 | W156: 1 | X156: 1 | Y156: 1 | Z156: 1 | AA156: 1 | AB156: 1 | AC156: 1 | AD156: 1 | AE156: 1 | AF156: 1 | AG156: 1 | AH156: 1 | AI156: 1 | AJ156: 0.5 | AK156: 0.5 | AL156: 0.5 | AM156: 0.5 | AN156: 0 | AO156: 0 | AP156: 0 | AQ156: 0 | AR156: 0 | AS156: 0 | AT156: 0 | AU156: 0 | AV156: 0 | AW156: 0 | AX156: 0 | AY156: 0 | AZ156: 0 | BA156: 0
A157: 4 | B157: Active | C157: Active | D157: HRS | E157: NPI IS | F157: * Manager | G157: * Manager | H157: Dorothy Noh | I157: 0 | J157: 0 | K157: 0 | L157: 0 | M157: 0 | N157: 0 | O157: 0 | P157: 0 | Q157: 0 | R157: 0.2 | S157: 0.2 | T157: 0.2 | U157: 0.1 | V157: 0.1 | W157: 0.1 | X157: 0.1 | Y157: 0.1 | Z157: 0.1 | AA157: 0.1 | AB157: 0.1 | AC157: 0.1 | AD157: 0.1 | AE157: 0.1 | AF157: 0.1 | AG157: 0.1 | AH157: 0.1 | AI157: 0.1 | AJ157: 0.1 | AK157: 0.1 | AL157: 0.1 | AM157: 0.1 | AN157: 0 | AO157: 0 | AP157: 0 | AQ157: 0 | AR157: 0 | AS157: 0 | AT157: 0 | AU157: 0 | AV157: 0 | AW157: 0 | AX157: 0 | AY157: 0 | AZ157: 0 | BA157: 0
A158: 5 | B158: Active | C158: Active | D158: HRS | E158: NPI IS | F158: System 2 | G158: Tech Lead | H158: Emma Kim | I158: 0 | J158: 0 | K158: 0 | L158: 0 | M158: 0 | N158: 0 | O158: 0 | P158: 0 | Q158: 0.5 | R158: 1 | S158: 1 | T158: 1 | U158: 1 | V158: 1 | W158: 1 | X158: 1 | Y158: 1 | Z158: 1 | AA158: 1 | AB158: 1 | AC158: 1 | AD158: 1 | AE158: 1 | AF158: 1 | AG158: 1 | AH158: 1 | AI158: 1 | AJ158: 0.5 | AK158: 0.5 | AL158: 0.5 | AM158: 0.5 | AN158: 0 | AO158: 0 | AP158: 0 | AQ158: 0 | AR158: 0 | AS158: 0 | AT158: 0 | AU158: 0 | AV158: 0 | AW158: 0 | AX158: 0 | AY158: 0 | AZ158: 0 | BA158: 0
A159: 6 | B159: Active | C159: Active | D159: HRS | E159: NPI IS | F159: System 2 | G159: System engineer | H159: Kevin Ko | I159: 0 | J159: 0 | K159: 0 | L159: 0 | M159: 0 | N159: 0 | O159: 0 | P159: 0 | Q159: 0 | R159: 1 | S159: 1 | T159: 1 | U159: 1 | V159: 1 | W159: 1 | X159: 1 | Y159: 1 | Z159: 1 | AA159: 1 | AB159: 1 | AC159: 1 | AD159: 1 | AE159: 1 | AF159: 1 | AG159: 1 | AH159: 1 | AI159: 1 | AJ159: 1 | AK159: 1 | AL159: 1 | AM159: 1 | AN159: 0 | AO159: 0 | AP159: 0 | AQ159: 0 | AR159: 0 | AS159: 0 | AT159: 0 | AU159: 0 | AV159: 0 | AW159: 0 | AX159: 0 | AY159: 0 | AZ159: 0 | BA159: 0
A160: 7 | B160: Active | C160: Active | D160: HRS | E160: NPI IS | F160: System 1 | G160: System engineer | H160: Chloe Jeong | I160: 0 | J160: 0 | K160: 0 | L160: 0 | M160: 0 | N160: 0 | O160: 0 | P160: 0 | Q160: 0 | R160: 0 | S160: 0 | T160: 0 | U160: 0 | V160: 0 | W160: 0 | X160: 0 | Y160: 1 | Z160: 1 | AA160: 1 | AB160: 1 | AC160: 1 | AD160: 1 | AE160: 1 | AF160: 1 | AG160: 1 | AH160: 1 | AI160: 1 | AJ160: 0.5 | AK160: 0.5 | AL160: 0.5 | AM160: 0.5 | AN160: 0 | AO160: 0 | AP160: 0 | AQ160: 0 | AR160: 0 | AS160: 0 | AT160: 0 | AU160: 0 | AV160: 0 | AW160: 0 | AX160: 0 | AY160: 0 | AZ160: 0 | BA160: 0
A161: 8 | B161: Active | C161: Active | D161: HRS | E161: NPI IS | F161: System 2 | G161: Service engineer | H161: Sophie Kim | I161: 0 | J161: 0 | K161: 0 | L161: 0 | M161: 0 | N161: 0 | O161: 0 | P161: 0 | Q161: 0 | R161: 1 | S161: 1 | T161: 1 | U161: 1 | V161: 1 | W161: 1 | X161: 1 | Y161: 1 | Z161: 1 | AA161: 1 | AB161: 1 | AC161: 1 | AD161: 1 | AE161: 1 | AF161: 1 | AG161: 1 | AH161: 1 | AI161: 1 | AJ161: 1 | AK161: 1 | AL161: 1 | AM161: 1 | AN161: 0 | AO161: 0 | AP161: 0 | AQ161: 0 | AR161: 0 | AS161: 0 | AT161: 0 | AU161: 0 | AV161: 0 | AW161: 0 | AX161: 0 | AY161: 0 | AZ161: 0 | BA161: 0
A162: 9 | B162: Active | C162: Active | D162: HRS | E162: NPI IS | F162: 0 | G162: Service engineer | H162: Service engineer | I162: 0 | J162: 0 | K162: 0 | L162: 0 | M162: 0 | N162: 0 | O162: 0 | P162: 0 | Q162: 0 | R162: 1 | S162: 1 | T162: 1 | U162: 1 | V162: 1 | W162: 1 | X162: 1 | Y162: 1 | Z162: 1 | AA162: 1 | AB162: 1 | AC162: 1 | AD162: 1 | AE162: 1 | AF162: 1 | AG162: 1 | AH162: 1 | AI162: 1 | AJ162: 1 | AK162: 1 | AL162: 1 | AM162: 1 | AN162: 0 | AO162: 0 | AP162: 0 | AQ162: 0 | AR162: 0 | AS162: 0 | AT162: 0 | AU162: 0 | AV162: 0 | AW162: 0 | AX162: 0 | AY162: 0 | AZ162: 0 | BA162: 0
A163: 10 | B163: Active | C163: Active | D163: HRS | E163: NPI IS | F163: Mechanical | G163: Leader | H163: Jeremy Park | I163: 0 | J163: 0 | K163: 0 | L163: 0 | M163: 0 | N163: 0 | O163: 0 | P163: 0 | Q163: 0.2 | R163: 0.2 | S163: 0.2 | T163: 0.2 | U163: 0.1 | V163: 0.1 | W163: 0.1 | X163: 0.1 | Y163: 0.1 | Z163: 0.1 | AA163: 0.1 | AB163: 0.1 | AC163: 0.1 | AD163: 0.1 | AE163: 0.1 | AF163: 0.1 | AG163: 0.1 | AH163: 0.1 | AI163: 0.1 | AJ163: 0.1 | AK163: 0.1 | AL163: 0.1 | AM163: 0.1 | AN163: 0 | AO163: 0 | AP163: 0 | AQ163: 0 | AR163: 0 | AS163: 0 | AT163: 0 | AU163: 0 | AV163: 0 | AW163: 0 | AX163: 0 | AY163: 0 | AZ163: 0 | BA163: 0
A164: 11 | B164: Active | C164: Active | D164: HRS | E164: NPI IS | F164: Mechanical | G164: Mechanical engineer | H164: Mechanical engineer | I164: 0 | J164: 0 | K164: 0 | L164: 0 | M164: 0 | N164: 0 | O164: 0 | P164: 0 | Q164: 0.5 | R164: 1 | S164: 1 | T164: 1 | U164: 1 | V164: 1 | W164: 1 | X164: 1 | Y164: 1 | Z164: 1 | AA164: 1 | AB164: 1 | AC164: 1 | AD164: 1 | AE164: 1 | AF164: 1 | AG164: 1 | AH164: 1 | AI164: 1 | AJ164: 1 | AK164: 1 | AL164: 1 | AM164: 1 | AN164: 0 | AO164: 0 | AP164: 0 | AQ164: 0 | AR164: 0 | AS164: 0 | AT164: 0 | AU164: 0 | AV164: 0 | AW164: 0 | AX164: 0 | AY164: 0 | AZ164: 0 | BA164: 0
...

Sheet P1_정원
A1: Total IS NPI | B1: {=B12:AA12} -> 46.9 | C1: 46.9 | D1: 46.9 | E1: 45.9 | F1: 45.9 | G1: 45.9 | H1: 45.9 | I1: 45.9 | J1: 46.9 | K1: 46.9 | L1: 46.9 | M1: 46.9 | N1: 46.9 | O1: 47.9 | P1: 47.9 | Q1: 47.9 | R1: 48.9 | S1: 48.9 | T1: 48.9 | U1: 48.9 | V1: 48.9 | W1: 48.9 | X1: 48.9 | Y1: 48.9 | Z1: 48.9 | AA1: 48.9
A2: Sustaining SW | B2: =SUMIF('etc. V00'!$D$3:$D$60,"R&D General - Legacy/TSG",'etc. V00'!P3:P60) -> 2 | C2: =SUMIF('etc. V00'!$D$3:$D$60,"R&D General - Legacy/TSG",'etc. V00'!Q3:Q60) -> 2 | D2: =SUMIF('etc. V00'!$D$3:$D$60,"R&D General - Legacy/TSG",'etc. V00'!R3:R60) -> 2 | E2: =SUMIF('etc. V00'!$D$3:$D$60,"R&D General - Legacy/TSG",'etc. V00'!S3:S60) -> 2 | F2: =SUMIF('etc. V00'!$D$3:$D$60,"R&D General - Legacy/TSG",'etc. V00'!T3:T60) -> 2 | G2: =SUMIF('etc. V00'!$D$3:$D$60,"R&D General - Legacy/TSG",'etc. V00'!U3:U60) -> 2 | H2: =SUMIF('etc. V00'!$D$3:$D$60,"R&D General - Legacy/TSG",'etc. V00'!V3:V60) -> 2 | I2: =SUMIF('etc. V00'!$D$3:$D$60,"R&D General - Legacy/TSG",'etc. V00'!W3:W60) -> 2 | ... AA2: =SUMIF('etc. V00'!$D$3:$D$60,"R&D General - Legacy/TSG",'etc. V00'!AO3:AO60) -> 2
A3: Unify support SW | B3: =SUMIF('etc. V00'!$D$3:$D$60,"Unify support",'etc. V00'!P3:P60) -> 1.5 | C3: =SUMIF('etc. V00'!$D$3:$D$60,"Unify support",'etc. V00'!Q3:Q60) -> 1.5 | D3: =SUMIF('etc. V00'!$D$3:$D$60,"Unify support",'etc. V00'!R3:R60) -> 1.5 | E3: =SUMIF('etc. V00'!$D$3:$D$60,"Unify support",'etc. V00'!S3:S60) -> 1.5 | F3: =SUMIF('etc. V00'!$D$3:$D$60,"Unify support",'etc. V00'!T3:T60) -> 1.5 | G3: =SUMIF('etc. V00'!$D$3:$D$60,"Unify support",'etc. V00'!U3:U60) -> 1.5 | H3: =SUMIF('etc. V00'!$D$3:$D$60,"Unify support",'etc. V00'!V3:V60) -> 1.5 | I3: =SUMIF('etc. V00'!$D$3:$D$60,"Unify support",'etc. V00'!W3:W60) -> 0.8 | ... AA3: =SUMIF('etc. V00'!$D$3:$D$60,"Unify support",'etc. V00'!AO3:AO60) -> 0.8
A4: 파견 LPLN SE | B4: =SUMIF('etc. V00'!$D$3:$D$60,"LPLN TOP 150 support",'etc. V00'!P3:P60) -> 3 | C4: =SUMIF('etc. V00'!$D$3:$D$60,"LPLN TOP 150 support",'etc. V00'!Q3:Q60) -> 3 | D4: =SUMIF('etc. V00'!$D$3:$D$60,"LPLN TOP 150 support",'etc. V00'!R3:R60) -> 3 | E4: =SUMIF('etc. V00'!$D$3:$D$60,"LPLN TOP 150 support",'etc. V00'!S3:S60) -> 3 | F4: =SUMIF('etc. V00'!$D$3:$D$60,"LPLN TOP 150 support",'etc. V00'!T3:T60) -> 3 | G4: =SUMIF('etc. V00'!$D$3:$D$60,"LPLN TOP 150 support",'etc. V00'!U3:U60) -> 3 | H4: =SUMIF('etc. V00'!$D$3:$D$60,"LPLN TOP 150 support",'etc. V00'!V3:V60) -> 3 | I4: =SUMIF('etc. V00'!$D$3:$D$60,"LPLN TOP 150 support",'etc. V00'!W3:W60) -> 3 | ... AA4: =SUMIF('etc. V00'!$D$3:$D$60,"LPLN TOP 150 support",'etc. V00'!AO3:AO60) -> 0
A5: Total available HC | B5: =B1-SUM(B2:B4) -> 40.4 | C5: =C1-SUM(C2:C4) -> 40.4 | D5: =D1-SUM(D2:D4) -> 40.4 | E5: =E1-SUM(E2:E4) -> 39.4 | F5: =F1-SUM(F2:F4) -> 39.4 | G5: =G1-SUM(G2:G4) -> 39.4 | H5: =H1-SUM(H2:H4) -> 39.4 | I5: =I1-SUM(I2:I4) -> 40.1 | ... AA5: =AA1-SUM(AA2:AA4) -> 46.1
A7: 행 레이블 | B7: 합계 : 25-Nov | C7: 합계 : 25-Dec | D7: 합계 : 26-Jan | E7: 합계 : 26-Feb | F7: 합계 : 26-Mar | G7: 합계 : 26-Apr | H7: 합계 : 26-May | I7: 합계 : 26-Jun | J7: 합계 : 26-Jul | K7: 합계 : 26-Aug | L7: 합계 : 26-Sep | M7: 합계 : 26-Oct | N7: 합계 : 26-Nov | O7: 합계 : 26-Dec | P7: Sum of 27-Jan | Q7: Sum of 27-Feb | R7: Sum of 27-Mar | S7: Sum of 27-Apr | T7: Sum of 27-May | U7: Sum of 27-Jun | V7: Sum of 27-Jul | W7: Sum of 27-Aug | X7: Sum of 27-Sep | Y7: Sum of 27-Oct | Z7: Sum of 27-Nov | AA7: Sum of 27-Dec
A8: Control Eng. | B8: 13.5 | C8: 13.5 | D8: 14.5 | E8: 14.5 | F8: 14.5 | G8: 14.5 | H8: 14.5 | I8: 14.5 | J8: 14.5 | K8: 14.5 | L8: 14.5 | M8: 14.5 | N8: 14.5 | O8: 14.5 | P8: 14.5 | Q8: 14.5 | R8: 15.5 | S8: 15.5 | T8: 15.5 | U8: 15.5 | V8: 15.5 | W8: 15.5 | X8: 15.5 | Y8: 15.5 | Z8: 15.5 | AA8: 15.5
A9: Engineering | B9: 0.4 | C9: 0.4 | D9: 0.4 | E9: 0.4 | F9: 0.4 | G9: 0.4 | H9: 0.4 | I9: 0.4 | J9: 0.4 | K9: 0.4 | L9: 0.4 | M9: 0.4 | N9: 0.4 | O9: 0.4 | P9: 0.4 | Q9: 0.4 | R9: 0.4 | S9: 0.4 | T9: 0.4 | U9: 0.4 | V9: 0.4 | W9: 0.4 | X9: 0.4 | Y9: 0.4 | Z9: 0.4 | AA9: 0.4
A10: NPI IS | B10: 29 | C10: 29 | D10: 28 | E10: 27 | F10: 27 | G10: 27 | H10: 27 | I10: 27 | J10: 28 | K10: 28 | L10: 28 | M10: 28 | N10: 28 | O10: 29 | P10: 29 | Q10: 29 | R10: 29 | S10: 29 | T10: 29 | U10: 29 | V10: 29 | W10: 29 | X10: 29 | Y10: 29 | Z10: 29 | AA10: 29
A11: PMO | B11: 4 | C11: 4 | D11: 4 | E11: 4 | F11: 4 | G11: 4 | H11: 4 | I11: 4 | J11: 4 | K11: 4 | L11: 4 | M11: 4 | N11: 4 | O11: 4 | P11: 4 | Q11: 4 | R11: 4 | S11: 4 | T11: 4 | U11: 4 | V11: 4 | W11: 4 | X11: 4 | Y11: 4 | Z11: 4 | AA11: 4
A12: 총합계 | B12: 46.9 | C12: 46.9 | D12: 46.9 | E12: 45.9 | F12: 45.9 | G12: 45.9 | H12: 45.9 | I12: 45.9 | J12: 46.9 | K12: 46.9 | L12: 46.9 | M12: 46.9 | N12: 46.9 | O12: 47.9 | P12: 47.9 | Q12: 47.9 | R12: 48.9 | S12: 48.9 | T12: 48.9 | U12: 48.9 | V12: 48.9 | W12: 48.9 | X12: 48.9 | Y12: 48.9 | Z12: 48.9 | AA12: 48.9
A15: Engineer HC | B15: =GETPIVOTDATA("합계 : 25-Nov",$A$22) -> 41 | C15: =GETPIVOTDATA("합계 : 25-Nov",$A$22) -> 41 | D15: =GETPIVOTDATA("합계 : 25-Nov",$A$22) -> 41 | E15: =GETPIVOTDATA("합계 : 25-Nov",$A$22) -> 41 | F15: =GETPIVOTDATA("합계 : 25-Nov",$A$22) -> 41 | G15: =GETPIVOTDATA("합계 : 25-Nov",$A$22) -> 41 | H15: =GETPIVOTDATA("합계 : 25-Nov",$A$22) -> 41 | I15: =GETPIVOTDATA("합계 : 25-Nov",$A$22) -> 41 | ... AA15: =GETPIVOTDATA("합계 : 25-Nov",$A$22) -> 41
A16: TSG/파견 SW | B16: =SUM(B2:B3) -> 3.5 | C16: =SUM(C2:C3) -> 3.5 | D16: =SUM(D2:D3) -> 3.5 | E16: =SUM(E2:E3) -> 3.5 | F16: =SUM(F2:F3) -> 3.5 | G16: =SUM(G2:G3) -> 3.5 | H16: =SUM(H2:H3) -> 3.5 | I16: =SUM(I2:I3) -> 2.8 | ... AA16: =SUM(AA2:AA3) -> 2.8
A17: LPLN 파견 | B17: =B4 -> 3 | C17: =C4 -> 3 | D17: =D4 -> 3 | E17: =E4 -> 3 | F17: =F4 -> 3 | G17: =G4 -> 3 | H17: =H4 -> 3 | I17: =I4 -> 3 | ... AA17: =AA4 -> 0
A18: Available HC | B18: =B15-SUM(B16:B17) -> 34.5 | C18: =C15-SUM(C16:C17) -> 34.5 | D18: =D15-SUM(D16:D17) -> 34.5 | E18: =E15-SUM(E16:E17) -> 34.5 | F18: =F15-SUM(F16:F17) -> 34.5 | G18: =G15-SUM(G16:G17) -> 34.5 | H18: =H15-SUM(H16:H17) -> 34.5 | I18: =I15-SUM(I16:I17) -> 35.2 | ... AA18: =AA15-SUM(AA16:AA17) -> 38.2
A20: Resource role - engineering only
A22: 행 레이블 | B22: 합계 : 25-Nov | C22: 합계 : 25-Dec | D22: 합계 : 26-Jan | E22: 합계 : 26-Feb | F22: 합계 : 26-Mar | G22: 합계 : 26-Apr | H22: 합계 : 26-May | I22: 합계 : 26-Jun | J22: 합계 : 26-Jul | K22: 합계 : 26-Aug | L22: 합계 : 26-Sep | M22: 합계 : 26-Oct | N22: 합계 : 26-Nov | O22: 합계 : 26-Dec | P22: Sum of 27-Jan | Q22: Sum of 27-Feb | R22: Sum of 27-Mar | S22: Sum of 27-Apr | T22: Sum of 27-May | U22: Sum of 27-Jun | V22: Sum of 27-Jul | W22: Sum of 27-Aug | X22: Sum of 27-Sep | Y22: Sum of 27-Oct | Z22: Sum of 27-Nov | AA22: Sum of 27-Dec
A23: Electrical engineer | B23: 4 | C23: 4 | D23: 5 | E23: 5 | F23: 5 | G23: 5 | H23: 5 | I23: 5 | J23: 5 | K23: 5 | L23: 5 | M23: 5 | N23: 5 | O23: 5 | P23: 5 | Q23: 5 | R23: 5 | S23: 5 | T23: 5 | U23: 5 | V23: 5 | W23: 5 | X23: 5 | Y23: 5 | Z23: 5 | AA23: 5
A24: Mechanical engineer | B24: 7 | C24: 7 | D24: 7 | E24: 6 | F24: 6 | G24: 6 | H24: 6 | I24: 6 | J24: 7 | K24: 7 | L24: 7 | M24: 7 | N24: 7 | O24: 7 | P24: 7 | Q24: 7 | R24: 7 | S24: 7 | T24: 7 | U24: 7 | V24: 7 | W24: 7 | X24: 7 | Y24: 7 | Z24: 7 | AA24: 7
A25: PM | B25: 3 | C25: 3 | D25: 3 | E25: 3 | F25: 3 | G25: 3 | H25: 3 | I25: 3 | J25: 3 | K25: 3 | L25: 3 | M25: 3 | N25: 3 | O25: 3 | P25: 3 | Q25: 3 | R25: 3 | S25: 3 | T25: 3 | U25: 3 | V25: 3 | W25: 3 | X25: 3 | Y25: 3 | Z25: 3 | AA25: 3
A26: Service engineer | B26: 4 | C26: 4 | D26: 4 | E26: 4 | F26: 4 | G26: 4 | H26: 4 | I26: 4 | J26: 4 | K26: 4 | L26: 4 | M26: 4 | N26: 4 | O26: 4 | P26: 4 | Q26: 4 | R26: 4 | S26: 4 | T26: 4 | U26: 4 | V26: 4 | W26: 4 | X26: 4 | Y26: 4 | Z26: 4 | AA26: 4
A27: Software engineer | B27: 4 | C27: 4 | D27: 4 | E27: 4 | F27: 4 | G27: 4 | H27: 4 | I27: 4 | J27: 4 | K27: 4 | L27: 4 | M27: 4 | N27: 4 | O27: 4 | P27: 4 | Q27: 4 | R27: 5 | S27: 5 | T27: 5 | U27: 5 | V27: 5 | W27: 5 | X27: 5 | Y27: 5 | Z27: 5 | AA27: 5
A28: SW test engineer | B28: 3 | C28: 3 | D28: 3 | E28: 3 | F28: 3 | G28: 3 | H28: 3 | I28: 3 | J28: 3 | K28: 3 | L28: 3 | M28: 3 | N28: 3 | O28: 3 | P28: 3 | Q28: 3 | R28: 3 | S28: 3 | T28: 3 | U28: 3 | V28: 3 | W28: 3 | X28: 3 | Y28: 3 | Z28: 3 | AA28: 3
A29: System engineer | B29: 10 | C29: 10 | D29: 9 | E29: 9 | F29: 9 | G29: 9 | H29: 9 | I29: 9 | J29: 9 | K29: 9 | L29: 9 | M29: 9 | N29: 9 | O29: 10 | P29: 10 | Q29: 10 | R29: 10 | S29: 10 | T29: 10 | U29: 10 | V29: 10 | W29: 10 | X29: 10 | Y29: 10 | Z29: 10 | AA29: 10
A30: Tech Lead | B30: 6 | C30: 6 | D30: 6 | E30: 6 | F30: 6 | G30: 6 | H30: 6 | I30: 6 | J30: 6 | K30: 6 | L30: 6 | M30: 6 | N30: 6 | O30: 6 | P30: 6 | Q30: 6 | R30: 6 | S30: 6 | T30: 6 | U30: 6 | V30: 6 | W30: 6 | X30: 6 | Y30: 6 | Z30: 6 | AA30: 6
A31: Technician
A32: 총합계 | B32: 41 | C32: 41 | D32: 41 | E32: 40 | F32: 40 | G32: 40 | H32: 40 | I32: 40 | J32: 41 | K32: 41 | L32: 41 | M32: 41 | N32: 41 | O32: 42 | P32: 42 | Q32: 42 | R32: 43 | S32: 43 | T32: 43 | U32: 43 | V32: 43 | W32: 43 | X32: 43 | Y32: 43 | Z32: 43 | AA32: 43
A35: Resource role - All
A37: 행 레이블 | B37: 합계 : 25-Nov | C37: 합계 : 25-Dec | D37: 합계 : 26-Jan | E37: 합계 : 26-Feb | F37: 합계 : 26-Mar | G37: 합계 : 26-Apr | H37: 합계 : 26-May | I37: 합계 : 26-Jun | J37: 합계 : 26-Jul | K37: 합계 : 26-Aug | L37: 합계 : 26-Sep | M37: 합계 : 26-Oct | N37: 합계 : 26-Nov | O37: 합계 : 26-Dec | P37: Sum of 27-Jan | Q37: Sum of 27-Feb | R37: Sum of 27-Mar | S37: Sum of 27-Apr | T37: Sum of 27-May | U37: Sum of 27-Jun | V37: Sum of 27-Jul | W37: Sum of 27-Aug | X37: Sum of 27-Sep | Y37: Sum of 27-Oct | Z37: Sum of 27-Nov | AA37: Sum of 27-Dec
A38: Control Eng. | B38: 13.5 | C38: 13.5 | D38: 14.5 | E38: 14.5 | F38: 14.5 | G38: 14.5 | H38: 14.5 | I38: 14.5 | J38: 14.5 | K38: 14.5 | L38: 14.5 | M38: 14.5 | N38: 14.5 | O38: 14.5 | P38: 14.5 | Q38: 14.5 | R38: 15.5 | S38: 15.5 | T38: 15.5 | U38: 15.5 | V38: 15.5 | W38: 15.5 | X38: 15.5 | Y38: 15.5 | Z38: 15.5 | AA38: 15.5
A39: Engineering | B39: 0.4 | C39: 0.4 | D39: 0.4 | E39: 0.4 | F39: 0.4 | G39: 0.4 | H39: 0.4 | I39: 0.4 | J39: 0.4 | K39: 0.4 | L39: 0.4 | M39: 0.4 | N39: 0.4 | O39: 0.4 | P39: 0.4 | Q39: 0.4 | R39: 0.4 | S39: 0.4 | T39: 0.4 | U39: 0.4 | V39: 0.4 | W39: 0.4 | X39: 0.4 | Y39: 0.4 | Z39: 0.4 | AA39: 0.4
A40: NPI IS | B40: 29 | C40: 29 | D40: 28 | E40: 27 | F40: 27 | G40: 27 | H40: 27 | I40: 27 | J40: 28 | K40: 28 | L40: 28 | M40: 28 | N40: 28 | O40: 29 | P40: 29 | Q40: 29 | R40: 29 | S40: 29 | T40: 29 | U40: 29 | V40: 29 | W40: 29 | X40: 29 | Y40: 29 | Z40: 29 | AA40: 29
A41: PMO | B41: 4 | C41: 4 | D41: 4 | E41: 4 | F41: 4 | G41: 4 | H41: 4 | I41: 4 | J41: 4 | K41: 4 | L41: 4 | M41: 4 | N41: 4 | O41: 4 | P41: 4 | Q41: 4 | R41: 4 | S41: 4 | T41: 4 | U41: 4 | V41: 4 | W41: 4 | X41: 4 | Y41: 4 | Z41: 4 | AA41: 4
A42: 총합계 | B42: 46.9 | C42: 46.9 | D42: 46.9 | E42: 45.9 | F42: 45.9 | G42: 45.9 | H42: 45.9 | I42: 45.9 | J42: 46.9 | K42: 46.9 | L42: 46.9 | M42: 46.9 | N42: 46.9 | O42: 47.9 | P42: 47.9 | Q42: 47.9 | R42: 48.9 | S42: 48.9 | T42: 48.9 | U42: 48.9 | V42: 48.9 | W42: 48.9 | X42: 48.9 | Y42: 48.9 | Z42: 48.9 | AA42: 48.9

Sheet P2_부서
A1: 정원 - Plan | B1: =B12 -> 합계 : 25-Nov | C1: =C12 -> 합계 : 25-Dec | D1: =D12 -> 합계 : 26-Jan | E1: =E12 -> 합계 : 26-Feb | F1: =F12 -> 합계 : 26-Mar | G1: =G12 -> 합계 : 26-Apr | H1: =H12 -> 합계 : 26-May | I1: =I12 -> 합계 : 26-Jun | ... V1: =V12 -> Sum of 27-Dec
A2: =A13 -> Control Eng. | B2: =P1_정원!B8-B13 -> -3 | C2: =P1_정원!C8-C13 -> -2.5 | D2: =P1_정원!D8-D13 -> -4.1 | E2: =P1_정원!E8-E13 -> -3.9 | F2: =P1_정원!F8-F13 -> -3.8 | G2: =P1_정원!G8-G13 -> -4 | H2: =P1_정원!H8-H13 -> -3.5 | I2: =P1_정원!I8-I13 -> -2.8 | ... V2: =P1_정원!V8-V13 -> 8.7
A3: =A14 -> Engineering | B3: =P1_정원!B9-B14 -> 0 | C3: =P1_정원!C9-C14 -> 0 | D3: =P1_정원!D9-D14 -> -0.1 | E3: =P1_정원!E9-E14 -> -0.1 | F3: =P1_정원!F9-F14 -> -0.1 | G3: =P1_정원!G9-G14 -> 0 | H3: =P1_정원!H9-H14 -> 0 | I3: =P1_정원!I9-I14 -> 0 | ... V3: =P1_정원!V9-V14 -> 0.3
A4: =A15 -> NPI IS | B4: =P1_정원!B10-B15 -> 1.6 | C4: =P1_정원!C10-C15 -> -0.8 | D4: =P1_정원!D10-D15 -> 1 | E4: =P1_정원!E10-E15 -> 0.6 | F4: =P1_정원!F10-F15 -> 0.7 | G4: =P1_정원!G10-G15 -> 1.4 | H4: =P1_정원!H10-H15 -> 1.4 | I4: =P1_정원!I10-I15 -> 1.5 | ... V4: =P1_정원!V10-V15 -> 22.7
A5: =A16 -> PMO | B5: =P1_정원!B11-B16 -> -0.4 | C5: =P1_정원!C11-C16 -> -0.5 | D5: =P1_정원!D11-D16 -> -0.8 | E5: =P1_정원!E11-E16 -> -0.7 | F5: =P1_정원!F11-F16 -> -0.6 | G5: =P1_정원!G11-G16 -> -0.2 | H5: =P1_정원!H11-H16 -> -0.2 | I5: =P1_정원!I11-I16 -> -0.2 | ... V5: =P1_정원!V11-V16 -> 3.4
A6: =A17 -> 총합계 | B6: =P1_정원!B12-B17 -> -1.8 | C6: =P1_정원!C12-C17 -> -3.8 | D6: =P1_정원!D12-D17 -> -4 | E6: =P1_정원!E12-E17 -> -4.1 | F6: =P1_정원!F12-F17 -> -3.8 | G6: =P1_정원!G12-G17 -> -2.8 | H6: =P1_정원!H12-H17 -> -2.3 | I6: =P1_정원!I12-I17 -> -1.5 | ... V6: =P1_정원!V12-V17 -> 35.1
B7: =P1_정원!B13-B18 -> 0 | C7: =P1_정원!C13-C18 -> 0 | D7: =P1_정원!D13-D18 -> 0 | E7: =P1_정원!E13-E18 -> 0 | F7: =P1_정원!F13-F18 -> 0 | G7: =P1_정원!G13-G18 -> 0 | H7: =P1_정원!H13-H18 -> 0 | I7: =P1_정원!I13-I18 -> 0 | ... T7: =P1_정원!T13-T18 -> 0
A9: Project | B9: (모두)
A10: Status | B10: (다중 항목)
A12: 행 레이블 | B12: 합계 : 25-Nov | C12: 합계 : 25-Dec | D12: 합계 : 26-Jan | E12: 합계 : 26-Feb | F12: 합계 : 26-Mar | G12: 합계 : 26-Apr | H12: 합계 : 26-May | I12: 합계 : 26-Jun | J12: 합계 : 26-Jul | K12: 합계 : 26-Aug | L12: 합계 : 26-Sep | M12: 합계 : 26-Oct | N12: 합계 : 26-Nov | O12: 합계 : 26-Dec | P12: Sum of 27-Jan | Q12: Sum of 27-Feb | R12: Sum of 27-May | S12: Sum of 27-Jun | T12: Sum of 27-Oct | U12: Sum of 27-Nov | V12: Sum of 27-Dec
A13: Control Eng. | B13: 16.5 | C13: 16 | D13: 18.6 | E13: 18.4 | F13: 18.3 | G13: 18.5 | H13: 18 | I13: 17.3 | J13: 18.6 | K13: 17.3 | L13: 17.1 | M13: 17.1 | N13: 17.1 | O13: 17.1 | P13: 17.1 | Q13: 18.1 | R13: 18 | S13: 18 | T13: 10.1 | U13: 6.8 | V13: 6.8
A14: Engineering | B14: 0.4 | C14: 0.4 | D14: 0.5 | E14: 0.5 | F14: 0.5 | G14: 0.4 | H14: 0.4 | I14: 0.4 | J14: 0.5 | K14: 0.4 | L14: 0.3 | M14: 0.3 | N14: 0.3 | O14: 0.3 | P14: 0.3 | Q14: 0.3 | R14: 0.3 | S14: 0.3 | T14: 0.2 | U14: 0.1 | V14: 0.1
A15: NPI IS | B15: 27.4 | C15: 29.8 | D15: 27 | E15: 26.4 | F15: 26.3 | G15: 25.6 | H15: 25.6 | I15: 25.5 | J15: 30.2 | K15: 27 | L15: 23.7 | M15: 27.7 | N15: 27.7 | O15: 27.7 | P15: 24.7 | Q15: 24.7 | R15: 24.6 | S15: 24.6 | T15: 13 | U15: 6.3 | V15: 6.3
A16: PMO | B16: 4.4 | C16: 4.5 | D16: 4.8 | E16: 4.7 | F16: 4.6 | G16: 4.2 | H16: 4.2 | I16: 4.2 | J16: 4.9 | K16: 4.3 | L16: 3.6 | M16: 3.6 | N16: 3.6 | O16: 3.6 | P16: 3.5 | Q16: 3.5 | R16: 2.9 | S16: 2.9 | T16: 1.2 | U16: 0.6 | V16: 0.6
A17: 총합계 | B17: 48.7 | C17: 50.7 | D17: 50.9 | E17: 50 | F17: 49.7 | G17: 48.7 | H17: 48.2 | I17: 47.4 | J17: 54.2 | K17: 49 | L17: 44.7 | M17: 48.7 | N17: 48.7 | O17: 48.7 | P17: 45.6 | Q17: 46.6 | R17: 45.8 | S17: 45.8 | T17: 24.5 | U17: 13.8 | V17: 13.8

Sheet P3_PRJ total gap
B1: =B9 -> 합계 : 25-Nov | C1: =C9 -> 합계 : 25-Dec | D1: =D9 -> 합계 : 26-Jan | E1: =E9 -> 합계 : 26-Feb | F1: =F9 -> 합계 : 26-Mar | G1: =G9 -> 합계 : 26-Apr | H1: =H9 -> 합계 : 26-May | I1: =I9 -> 합계 : 26-Jun | ... V1: =V9 -> Sum of 27-Dec
A2: Total HC VS Plan | B2: =B3-B25 -> 46.9 | C2: =C3-C25 -> 46.9 | D2: =D3-D25 -> 46.9 | E2: =E3-E25 -> 45.9 | F2: =F3-F25 -> 45.9 | G2: =G3-G25 -> 45.9 | H2: =H3-H25 -> 45.9 | I2: =I3-I25 -> 45.9 | ... V2: =V3-V25 -> 48.9
A3: Total HC | B3: =P1_정원!B12 -> 46.9 | C3: =P1_정원!C12 -> 46.9 | D3: =P1_정원!D12 -> 46.9 | E3: =P1_정원!E12 -> 45.9 | F3: =P1_정원!F12 -> 45.9 | G3: =P1_정원!G12 -> 45.9 | H3: =P1_정원!H12 -> 45.9 | I3: =P1_정원!I12 -> 45.9 | ... R3: =P1_정원!R12 -> 48.9 | S3: =P1_정원!U12 -> 48.9 | T3: =P1_정원!V12 -> 48.9 | U3: =P1_정원!W12 -> 48.9 | V3: =P1_정원!X12 -> 48.9
A6: Status | B6: (다중 항목)
A7: Resource Role | B7: (모두)
A9: 행 레이블 | B9: 합계 : 25-Nov | C9: 합계 : 25-Dec | D9: 합계 : 26-Jan | E9: 합계 : 26-Feb | F9: 합계 : 26-Mar | G9: 합계 : 26-Apr | H9: 합계 : 26-May | I9: 합계 : 26-Jun | J9: 합계 : 26-Jul | K9: 합계 : 26-Aug | L9: 합계 : 26-Sep | M9: 합계 : 26-Oct | N9: 합계 : 26-Nov | O9: 합계 : 26-Dec | P9: Sum of 27-Jan | Q9: Sum of 27-Feb | R9: Sum of 27-May | S9: Sum of 27-Jun | T9: Sum of 27-Oct | U9: Sum of 27-Nov | V9: Sum of 27-Dec
A10: CatOX Alpha design | B10: 0.5 | C10: 0 | D10: 0 | E10: 0 | F10: 0 | G10: 0 | H10: 0 | I10: 0 | J10: 0 | K10: 0 | L10: 0 | M10: 0 | N10: 0 | O10: 0 | P10: 0 | Q10: 0 | R10: 0 | S10: 0 | T10: 0 | U10: 0 | V10: 0
A11: Ganymede support - PCCA | B11: 0 | C11: 0 | D11: 0 | E11: 0 | F11: 0 | G11: 0 | H11: 0 | I11: 0 | J11: 0 | K11: 0 | L11: 0 | M11: 0 | N11: 0 | O11: 0 | P11: 0 | Q11: 0 | R11: 0 | S11: 0 | T11: 0 | U11: 0 | V11: 0
A12: Havasu | B12: 5.3 | C12: 4.8 | D12: 1.5 | E12: 0.6 | F12: 0.6 | G12: 0 | H12: 0 | I12: 0 | J12: 0 | K12: 0 | L12: 0 | M12: 0 | N12: 0 | O12: 0 | P12: 0 | Q12: 0 | R12: 0 | S12: 0 | T12: 0 | U12: 0 | V12: 0
A13: HRS Integrates | B13: 5.1 | C13: 4.3 | D13: 0.4 | E13: 0.4 | F13: 0.4 | G13: 0 | H13: 0 | I13: 0 | J13: 0 | K13: 0 | L13: 0 | M13: 0 | N13: 0 | O13: 0 | P13: 0 | Q13: 0 | R13: 0 | S13: 0 | T13: 0 | U13: 0 | V13: 0
A14: Micron A&D | B14: 4.4 | C14: 8.4 | D14: 9.5 | E14: 10 | F14: 10 | G14: 9 | H14: 9 | I14: 9 | J14: 9 | K14: 0 | L14: 0 | M14: 0 | N14: 0 | O14: 0 | P14: 0 | Q14: 0 | R14: 0 | S14: 0 | T14: 0 | U14: 0 | V14: 0
A15: R&D General - Legacy/TSG | B15: 2 | C15: 2 | D15: 2 | E15: 2 | F15: 2 | G15: 2 | H15: 2 | I15: 2 | J15: 2 | K15: 2 | L15: 2 | M15: 2 | N15: 2 | O15: 2 | P15: 2 | Q15: 2 | R15: 2 | S15: 2 | T15: 2 | U15: 2 | V15: 2
A16: Tumalo Ph1 | B16: 12.1 | C16: 12.1 | D16: 8.4 | E16: 8.4 | F16: 7.9 | G16: 7.3 | H16: 6.8 | I16: 6.7 | J16: 6.7 | K16: 6.7 | L16: 0 | M16: 0 | N16: 0 | O16: 0 | P16: 0 | Q16: 0 | R16: 0 | S16: 0 | T16: 0 | U16: 0 | V16: 0
A17: Tumalo Ph2 | B17: 9.6 | C17: 9.6 | D17: 12.4 | E17: 12.4 | F17: 12.6 | G17: 13.2 | H17: 13.2 | I17: 13.2 | J17: 14.2 | K17: 16 | L17: 16 | M17: 16 | N17: 16 | O17: 16 | P17: 16.4 | Q17: 16.4 | R17: 15.6 | S17: 15.6 | T17: 0 | U17: 0 | V17: 0
A18: Unify support | B18: 1.5 | C18: 1.5 | D18: 1.5 | E18: 1.5 | F18: 1.5 | G18: 1.5 | H18: 1.5 | I18: 0.8 | J18: 0.8 | K18: 0.8 | L18: 0.8 | M18: 0.8 | N18: 0.8 | O18: 0.8 | P18: 0.8 | Q18: 0.8 | R18: 0.8 | S18: 0.8 | T18: 0.8 | U18: 0.8 | V18: 0.8
A19: Gen3 EUV Zenith Plus 7SRC TSMC | B19: 5.2 | C19: 2.8 | D19: 0 | E19: 0 | F19: 0 | G19: 0 | H19: 0 | I19: 0 | J19: 0 | K19: 0 | L19: 0 | M19: 0 | N19: 0 | O19: 0 | P19: 0 | Q19: 0 | R19: 0 | S19: 0 | T19: 0 | U19: 0 | V19: 0
A20: LPLN TOP 150 support | B20: 3 | C20: 3 | D20: 3 | E20: 3 | F20: 3 | G20: 3 | H20: 3 | I20: 3 | J20: 3 | K20: 3 | L20: 3 | M20: 3 | N20: 3 | O20: 3 | P20: 0 | Q20: 0 | R20: 0 | S20: 0 | T20: 0 | U20: 0 | V20: 0
A21: Kanara | B21: 0 | C21: 0 | D21: 0 | E21: 0 | F21: 0 | G21: 0 | H21: 0 | I21: 0 | J21: 5.8 | K21: 6.8 | L21: 9.2 | M21: 13.2 | N21: 13.2 | O21: 13.2 | P21: 13.2 | Q21: 14.2 | R21: 14.2 | S21: 14.2 | T21: 11 | U21: 11 | V21: 11
... A23: 총합계 | B23: 48.7 | C23: 50.7 | D23: 50.9 | E23: 50 | F23: 49.7 | G23: 48.7 | H23: 48.2 | I23: 47.4 | J23: 54.2 | K23: 49 | L23: 44.7 | M23: 48.7 | N23: 48.7 | O23: 48.7 | P23: 45.6 | Q23: 46.6 | R23: 45.8 | S23: 45.8 | T23: 24.5 | U23: 13.8 | V23: 13.8

Sheet P3_PRJ engineer gap
A1: Total HC VS Plan | B1: =B20 -> 합계 : 25-Nov | C1: =C20 -> 합계 : 25-Dec | D1: =D20 -> 합계 : 26-Jan | E1: =E20 -> 합계 : 26-Feb | F1: =F20 -> 합계 : 26-Mar | G1: =G20 -> 합계 : 26-Apr | H1: =H20 -> 합계 : 26-May | I1: =I20 -> 합계 : 26-Jun | ... AA1: =AA20 -> Sum of 27-Dec
A2: =A21 -> Electrical engineer | B2: =P1_정원!B23-B21 -> 0 | C2: =P1_정원!C23-C21 -> -0.5 | D2: =P1_정원!D23-D21 -> -0.3 | E2: =P1_정원!E23-E21 -> -0.1 | F2: =P1_정원!F23-F21 -> -0.1 | G2: =P1_정원!G23-G21 -> 0 | H2: =P1_정원!H23-H21 -> 0 | I2: =P1_정원!I23-I21 -> 0 | ... AA2: =P1_정원!AA23-AA21 -> 3.5
A3: =A22 -> Mechanical engineer | B3: =P1_정원!B24-B22 -> 1 | C3: =P1_정원!C24-C22 -> -0.5 | D3: =P1_정원!D24-D22 -> 1 | E3: =P1_정원!E24-E22 -> 0 | F3: =P1_정원!F24-F22 -> 0 | G3: =P1_정원!G24-G22 -> 0 | H3: =P1_정원!H24-H22 -> 0 | I3: =P1_정원!I24-I22 -> 0 | ... AA3: =P1_정원!AA24-AA22 -> 5
A4: =A23 -> PM | B4: =P1_정원!B25-B23 -> -0.2 | C4: =P1_정원!C25-C23 -> -0.1 | D4: =P1_정원!D25-D23 -> -0.7 | E4: =P1_정원!E25-E23 -> -0.6 | F4: =P1_정원!F25-F23 -> -0.6 | G4: =P1_정원!G25-G23 -> -0.4 | H4: =P1_정원!H25-H23 -> -0.4 | I4: =P1_정원!I25-I23 -> -0.4 | ... AA4: =P1_정원!AA25-AA23 -> 2.5
A5: =A24 -> Service engineer | B5: =P1_정원!B26-B24 -> 0.3 | C5: =P1_정원!C26-C24 -> 0 | D5: =P1_정원!D26-D24 -> -0.5 | E5: =P1_정원!E26-E24 -> -0.2 | F5: =P1_정원!F26-F24 -> -0.2 | G5: =P1_정원!G26-G24 -> 0 | H5: =P1_정원!H26-H24 -> 0 | I5: =P1_정원!I26-I24 -> 0 | ... AA5: =P1_정원!AA26-AA24 -> 4
A6: =A25 -> Software engineer | B6: =P1_정원!B27-B25 -> -2.2 | C6: =P1_정원!C27-C25 -> -1.7 | D6: =P1_정원!D27-D25 -> -2.7 | E6: =P1_정원!E27-E25 -> -2.7 | F6: =P1_정원!F27-F25 -> -2.7 | G6: =P1_정원!G27-G25 -> -2.2 | H6: =P1_정원!H27-H25 -> -2.2 | I6: =P1_정원!I27-I25 -> -1.7 | ... AA6: =P1_정원!AA27-AA25 -> 2.5
A7: =A26 -> SW test engineer | B7: =P1_정원!B28-B26 -> -1 | C7: =P1_정원!C28-C26 -> -0.5 | D7: =P1_정원!D28-D26 -> -1 | E7: =P1_정원!E28-E26 -> -1 | F7: =P1_정원!F28-F26 -> -1 | G7: =P1_정원!G28-G26 -> -2 | H7: =P1_정원!H28-H26 -> -1.5 | I7: =P1_정원!I28-I26 -> -1.5 | ... AA7: =P1_정원!AA28-AA26 -> 1
A8: =A27 -> System engineer | B8: =P1_정원!B29-B27 -> 0 | C8: =P1_정원!C29-C27 -> 0 | D8: =P1_정원!D29-D27 -> 0 | E8: =P1_정원!E29-E27 -> 0 | F8: =P1_정원!F29-F27 -> 0 | G8: =P1_정원!G29-G27 -> 0 | H8: =P1_정원!H29-H27 -> 0 | I8: =P1_정원!I29-I27 -> 0 | ... AA8: =P1_정원!AA29-AA27 -> 7
A9: =A28 -> Tech Lead | B9: =P1_정원!B30-B28 -> 0.3 | C9: =P1_정원!C30-C28 -> 0 | D9: =P1_정원!D30-D28 -> 0.5 | E9: =P1_정원!E30-E28 -> 0.8 | F9: =P1_정원!F30-F28 -> 0.8 | G9: =P1_정원!G30-G28 -> 1 | H9: =P1_정원!H30-H28 -> 1 | I9: =P1_정원!I30-I28 -> 1 | ... AA9: =P1_정원!AA30-AA28 -> 6
A10: =A29 -> Technician | B10: =P1_정원!B31-B29 -> 0 | C10: =P1_정원!C31-C29 -> 0 | D10: =P1_정원!D31-D29 -> 0 | E10: =P1_정원!E31-E29 -> 0 | F10: =P1_정원!F31-F29 -> 0 | G10: =P1_정원!G31-G29 -> 0 | H10: =P1_정원!H31-H29 -> 0 | I10: =P1_정원!I31-I29 -> 0 | ... AA10: =P1_정원!AA31-AA29 -> 0
A11: =A30 -> 총합계 | B11: =P1_정원!B32-B30 -> -1.8 | C11: =P1_정원!C32-C30 -> -3.3 | D11: =P1_정원!D32-D30 -> -3.7 | E11: =P1_정원!E32-E30 -> -3.8 | F11: =P1_정원!F32-F30 -> -3.8 | G11: =P1_정원!G32-G30 -> -3.6 | H11: =P1_정원!H32-H30 -> -3.1 | I11: =P1_정원!I32-I30 -> -2.6 | ... AA11: =P1_정원!AA32-AA30 -> 31.5
A14: Functional Engineer Requirement
A15: Resource Department | B15: (모두)
A16: Status | B16: (다중 항목)
A17: PJT Lifecycle | B17: (모두)
A18: Project | B18: (다중 항목)
A20: 행 레이블 | B20: 합계 : 25-Nov | C20: 합계 : 25-Dec | D20: 합계 : 26-Jan | E20: 합계 : 26-Feb | F20: 합계 : 26-Mar | G20: 합계 : 26-Apr | H20: 합계 : 26-May | I20: 합계 : 26-Jun | J20: 합계 : 26-Jul | K20: 합계 : 26-Aug | L20: Sum of 26-Sep | M20: Sum of 26-Oct | N20: 합계 : 26-Nov | O20: 합계 : 26-Dec | P20: Sum of 27-Jan | Q20: Sum of 27-Feb | R20: 합계 : 27-Mar | S20: 합계 : 27-Apr | T20: Sum of 27-May | U20: Sum of 27-Jun | V20: 합계 : 27-Jul | W20: 합계 : 27-Aug | X20: 합계 : 27-Sep | Y20: Sum of 27-Oct | Z20: Sum of 27-Nov | AA20: Sum of 27-Dec
A21: Electrical engineer | B21: 4 | C21: 4.5 | D21: 5.3 | E21: 5.1 | F21: 5.1 | G21: 5 | H21: 5 | I21: 5 | J21: 5 | K21: 4 | L21: 5 | M21: 5 | N21: 5 | O21: 5 | P21: 5 | Q21: 5 | R21: 5 | S21: 5 | T21: 5 | U21: 5 | V21: 4.5 | W21: 4.5 | X21: 4 | Y21: 2 | Z21: 1.5 | AA21: 1.5
A22: Mechanical engineer | B22: 6 | C22: 7.5 | D22: 6 | E22: 6 | F22: 6 | G22: 6 | H22: 6 | I22: 6 | J22: 8 | K22: 7.5 | L22: 7 | M22: 9 | N22: 9 | O22: 9 | P22: 9 | Q22: 9 | R22: 9 | S22: 9 | T22: 9 | U22: 9 | V22: 8.5 | W22: 8.5 | X22: 7.5 | Y22: 4.5 | Z22: 2 | AA22: 2
A23: PM | B23: 3.2 | C23: 3.1 | D23: 3.7 | E23: 3.6 | F23: 3.6 | G23: 3.4 | H23: 3.4 | I23: 3.4 | J23: 3.9 | K23: 3.5 | L23: 3 | M23: 3 | N23: 3 | O23: 3 | P23: 3 | Q23: 3 | R23: 3 | S23: 3 | T23: 2.5 | U23: 2.5 | V23: 2 | W23: 2 | X23: 2 | Y23: 1 | Z23: 0.5 | AA23: 0.5
A24: Service engineer | B24: 3.7 | C24: 4 | D24: 4.5 | E24: 4.2 | F24: 4.2 | G24: 4 | H24: 4 | I24: 4 | J24: 4 | K24: 4.6 | L24: 4 | M24: 5 | N24: 5 | O24: 5 | P24: 4 | Q24: 4 | R24: 4 | S24: 4 | T24: 4 | U24: 4 | V24: 4 | W24: 4 | X24: 3 | Y24: 2 | Z24: 0 | AA24: 0
A25: Software engineer | B25: 6.2 | C25: 5.7 | D25: 6.7 | E25: 6.7 | F25: 6.7 | G25: 6.2 | H25: 6.2 | I25: 5.7 | J25: 6.7 | K25: 7.5 | L25: 7.5 | M25: 7.5 | N25: 7.5 | O25: 7.5 | P25: 7.5 | Q25: 7.5 | R25: 7.5 | S25: 7.5 | T25: 7.5 | U25: 7.5 | V25: 7.5 | W25: 7.5 | X25: 7.5 | Y25: 4.5 | Z25: 2.5 | AA25: 2.5
A26: SW test engineer | B26: 4 | C26: 3.5 | D26: 4 | E26: 4 | F26: 4 | G26: 5 | H26: 4.5 | I26: 4.5 | J26: 4.5 | K26: 4 | L26: 3 | M26: 3 | N26: 3 | O26: 3 | P26: 3 | Q26: 4 | R26: 4 | S26: 4 | T26: 4 | U26: 4 | V26: 4 | W26: 4 | X26: 4 | Y26: 2.5 | Z26: 2 | AA26: 2
A27: System engineer | B27: 10 | C27: 10 | D27: 9 | E27: 9 | F27: 9 | G27: 9 | H27: 9 | I27: 9 | J27: 11 | K27: 8.7 | L27: 7 | M27: 8 | N27: 8 | O27: 8 | P27: 7 | Q27: 7 | R27: 7 | S27: 7 | T27: 7 | U27: 7 | V27: 6.5 | W27: 6.5 | X27: 6.5 | Y27: 4.5 | Z27: 3 | AA27: 3
A28: Tech Lead | B28: 5.7 | C28: 6 | D28: 5.5 | E28: 5.2 | F28: 5.2 | G28: 5 | H28: 5 | I28: 5 | J28: 5 | K28: 4 | L28: 3.5 | M28: 3.5 | N28: 3.5 | O28: 3.5 | P28: 2.5 | Q28: 2.5 | R28: 2.5 | S28: 2.5 | T28: 2.5 | U28: 2.5 | V28: 2 | W28: 2 | X28: 2 | Y28: 0.5 | Z28: 0 | AA28: 0
A29: Technician | B29: 0 | C29: 0 | D29: 0 | E29: 0 | F29: 0 | G29: 0 | H29: 0 | I29: 0 | J29: 0 | K29: 0 | L29: 0 | M29: 0 | N29: 0 | O29: 0 | P29: 0 | Q29: 0 | R29: 0 | S29: 0 | T29: 0 | U29: 0 | V29: 0 | W29: 0 | X29: 0 | Y29: 0 | Z29: 0 | AA29: 0
A30: 총합계 | B30: 42.8 | C30: 44.3 | D30: 44.7 | E30: 43.8 | F30: 43.8 | G30: 43.6 | H30: 43.1 | I30: 42.6 | J30: 48.1 | K30: 43.8 | L30: 40 | M30: 44 | N30: 44 | O30: 44 | P30: 41 | Q30: 42 | R30: 42 | S30: 42 | T30: 41.5 | U30: 41.5 | V30: 39 | W30: 39 | X30: 36.5 | Y30: 21.5 | Z30: 11.5 | AA30: 11.5
A35: Project Requirement
A37: Resource Department | B37: (모두)
A38: Status | B38: (다중 항목)
A39: PJT Lifecycle | B39: (모두)
A41: 행 레이블 | B41: 합계 : 25-Nov | C41: 합계 : 25-Dec | D41: 합계 : 26-Jan | E41: 합계 : 26-Feb | F41: 합계 : 26-Mar | G41: 합계 : 26-Apr | H41: 합계 : 26-May | I41: 합계 : 26-Jun | J41: 합계 : 26-Jul | K41: 합계 : 26-Aug | L41: 합계 : 26-Nov | M41: 합계 : 26-Dec | N41: Sum of 27-Jan | O41: Sum of 27-Feb | P41: Sum of 27-May | Q41: Sum of 27-Jun | R41: Sum of 27-Oct | S41: Sum of 27-Nov | T41: Sum of 27-Dec
A42: CatOX Alpha design | B42: 0.5 | C42: 0 | D42: 0 | E42: 0 | F42: 0 | G42: 0 | H42: 0 | I42: 0 | J42: 0 | K42: 0 | L42: 0 | M42: 0 | N42: 0 | O42: 0 | P42: 0 | Q42: 0 | R42: 0 | S42: 0 | T42: 0
A43: Ganymede support - PCCA | B43: 0 | C43: 0 | D43: 0 | E43: 0 | F43: 0 | G43: 0 | H43: 0 | I43: 0 | J43: 0 | K43: 0 | L43: 0 | M43: 0 | N43: 0 | O43: 0 | P43: 0 | Q43: 0 | R43: 0 | S43: 0 | T43: 0
A44: Havasu | B44: 4.6 | C44: 4.1 | D44: 1.5 | E44: 0.6 | F44: 0.6 | G44: 0 | H44: 0 | I44: 0 | J44: 0 | K44: 0 | L44: 0 | M44: 0 | N44: 0 | O44: 0 | P44: 0 | Q44: 0 | R44: 0 | S44: 0 | T44: 0
A45: HRS Integrates | B45: 4.9 | C45: 3.7 | D45: 0.2 | E45: 0.2 | F45: 0.2 | G45: 0 | H45: 0 | I45: 0 | J45: 0 | K45: 0 | L45: 0 | M45: 0 | N45: 0 | O45: 0 | P45: 0 | Q45: 0 | R45: 0 | S45: 0 | T45: 0
A46: Micron A&D | B46: 3.4 | C46: 7.1 | D46: 8.1 | E46: 8.6 | F46: 8.6 | G46: 7.6 | H46: 7.6 | I46: 7.6 | J46: 7.6 | K46: 0 | L46: 0 | M46: 0 | N46: 0 | O46: 0 | P46: 0 | Q46: 0 | R46: 0 | S46: 0 | T46: 0
A47: R&D General - Legacy/TSG | B47: 2 | C47: 2 | D47: 2 | E47: 2 | F47: 2 | G47: 2 | H47: 2 | I47: 2 | J47: 2 | K47: 2 | L47: 2 | M47: 2 | N47: 2 | O47: 2 | P47: 2 | Q47: 2 | R47: 2 | S47: 2 | T47: 2
A48: Tumalo Ph1 | B48: 10.4 | C48: 10.5 | D48: 6.9 | E48: 6.9 | F48: 6.8 | G48: 6.3 | H48: 5.8 | I48: 5.8 | J48: 5.8 | K48: 5.8 | L48: 0 | M48: 0 | N48: 0 | O48: 0 | P48: 0 | Q48: 0 | R48: 0 | S48: 0 | T48: 0
A49: Tumalo Ph2 | B49: 8.5 | C49: 8.4 | D49: 11 | E49: 11 | F49: 11.1 | G49: 11.7 | H49: 11.7 | I49: 11.7 | J49: 12.7 | K49: 14.5 | L49: 14.5 | M49: 14.5 | N49: 15 | O49: 15 | P49: 14.5 | Q49: 14.5 | R49: 0 | S49: 0 | T49: 0
A50: Unify support | B50: 1 | C50: 1 | D50: 1 | E50: 1 | F50: 1 | G50: 1 | H50: 1 | I50: 0.5 | J50: 0.5 | K50: 0.5 | L50: 0.5 | M50: 0.5 | N50: 0.5 | O50: 0.5 | P50: 0.5 | Q50: 0.5 | R50: 0.5 | S50: 0.5 | T50: 0.5
A51: Gen3 EUV Zenith Plus 7SRC TSMC | B51: 4.5 | C51: 2.5 | D51: 0 | E51: 0 | F51: 0 | G51: 0 | H51: 0 | I51: 0 | J51: 0 | K51: 0 | L51: 0 | M51: 0 | N51: 0 | O51: 0 | P51: 0 | Q51: 0 | R51: 0 | S51: 0 | T51: 0
A52: LPLN TOP 150 support | B52: 3 | C52: 3 | D52: 3 | E52: 3 | F52: 3 | G52: 3 | H52: 3 | I52: 3 | J52: 3 | K52: 3 | L52: 3 | M52: 3 | N52: 0 | O52: 0 | P52: 0 | Q52: 0 | R52: 0 | S52: 0 | T52: 0
A53: Kanara | B53: 0 | C53: 0 | D53: 0 | E53: 0 | F53: 0 | G53: 0 | H53: 0 | I53: 0 | J53: 4.5 | K53: 5 | L53: 11 | M53: 11 | N53: 11 | O53: 12 | P53: 12 | Q53: 12 | R53: 9 | S53: 9 | T53: 9
... A55: 총합계 | B55: 42.8 | C55: 44.3 | D55: 44.7 | E55: 43.8 | F55: 43.8 | G55: 43.6 | H55: 43.1 | I55: 42.6 | J55: 48.1 | K55: 43.8 | L55: 44 | M55: 44 | N55: 41 | O55: 42 | P55: 41.5 | Q55: 41.5 | R55: 21.5 | S55: 11.5 | T55: 11.5

Sheet P4_Name
A2: Status | B2: Active
A3: Resource Department | B3: (다중 항목)
A5: 행 레이블 | B5: 합계 : 25-Jun | C5: 합계 : 25-Jul | D5: 합계 : 25-Aug | E5: 합계 : 25-Sep | F5: 합계 : 25-Oct | G5: 합계 : 25-Nov | H5: 합계 : 25-Dec | I5: 합계 : 26-Jan | J5: 합계 : 26-Feb | K5: 합계 : 26-Mar | L5: 합계 : 26-Apr | M5: 합계 : 26-May | N5: 합계 : 26-Jun | O5: 합계 : 26-Jul | P5: 합계 : 26-Aug | Q5: 합계 : 26-Sep | R5: 합계 : 26-Oct | S5: 합계 : 26-Nov | T5: 합계 : 26-Dec
A6: 0 | B6: 0 | C6: 0 | D6: 0 | E6: 0 | F6: 0 | G6: 0 | H6: 0 | I6: 1 | J6: 1 | K6: 1 | L6: 1 | M6: 1 | N6: 1 | O6: 1 | P6: 1 | Q6: 1 | R6: 1 | S6: 1 | T6: 1
A7: * Manager | B7: 2.6 | C7: 2.9 | D7: 3.1 | E7: 3.1 | F7: 3.1 | G7: 3.1 | H7: 3.4 | I7: 3.2 | J7: 3.2 | K7: 2.9 | L7: 2.4 | M7: 2.4 | N7: 2.3 | O7: 2.3 | P7: 1.7 | Q7: 1.2 | R7: 1.2 | S7: 1.2 | T7: 1.2
A8: * Eng Manager | B8: 0.5 | C8: 0.4 | D8: 0.4 | E8: 0.4 | F8: 0.4 | G8: 0.4 | H8: 0.4 | I8: 0.5 | J8: 0.5 | K8: 0.5 | L8: 0.4 | M8: 0.4 | N8: 0.4 | O8: 0.4 | P8: 0.3 | Q8: 0.2 | R8: 0.2 | S8: 0.2 | T8: 0.2
A9: JiYoung Son | B9: 0.5 | C9: 0.4 | D9: 0.4 | E9: 0.4 | F9: 0.4 | G9: 0.4 | H9: 0.4 | I9: 0.5 | J9: 0.5 | K9: 0.5 | L9: 0.4 | M9: 0.4 | N9: 0.4 | O9: 0.4 | P9: 0.3 | Q9: 0.2 | R9: 0.2 | S9: 0.2 | T9: 0.2
A10: * Manager | B10: 2.1 | C10: 2.5 | D10: 2.7 | E10: 2.7 | F10: 2.7 | G10: 2.7 | H10: 3 | I10: 2.7 | J10: 2.7 | K10: 2.4 | L10: 2 | M10: 2 | N10: 1.9 | O10: 1.9 | P10: 1.4 | Q10: 1 | R10: 1 | S10: 1 | T10: 1
A11: Dorothy Noh | B11: 0.8 | C11: 1 | D11: 1 | E11: 1 | F11: 1 | G11: 1 | H11: 1.1 | I11: 1.1 | J11: 1.1 | K11: 1 | L11: 0.8 | M11: 0.8 | N11: 0.7 | O11: 0.7 | P11: 0.5 | Q11: 0.4 | R11: 0.4 | S11: 0.4 | T11: 0.4
A12: Jinney Lee | B12: 0.8 | C12: 1 | D12: 1.2 | E12: 1.2 | F12: 1.2 | G12: 1.2 | H12: 1.4 | I12: 1.1 | J12: 1.1 | K12: 1 | L12: 0.8 | M12: 0.8 | N12: 0.8 | O12: 0.8 | P12: 0.6 | Q12: 0.4 | R12: 0.4 | S12: 0.4 | T12: 0.4
A13: Mogen Seo | B13: 0.5 | C13: 0.5 | D13: 0.5 | E13: 0.5 | F13: 0.5 | G13: 0.5 | H13: 0.5 | I13: 0.5 | J13: 0.5 | K13: 0.4 | L13: 0.4 | M13: 0.4 | N13: 0.4 | O13: 0.4 | P13: 0.3 | Q13: 0.2 | R13: 0.2 | S13: 0.2 | T13: 0.2
A14: Electrical | B14: 5 | C14: 5 | D14: 5 | E14: 5.3 | F14: 4.8 | G14: 4.8 | H14: 5.3 | I14: 6.2 | J14: 6 | K14: 6 | L14: 5.8 | M14: 5.8 | N14: 5.8 | O14: 5.8 | P14: 4.5 | Q14: 3.3 | R14: 3.3 | S14: 3.3 | T14: 3.3
A15: Mechanical | B15: 5.8 | C15: 7.9 | D15: 9.6 | E15: 8 | F15: 7 | G15: 7 | H15: 8.7 | I15: 6.9 | J15: 6.9 | K15: 6.9 | L15: 6.8 | M15: 6.8 | N15: 6.8 | O15: 7.8 | P15: 7 | Q15: 6.4 | R15: 6.4 | S15: 6.4 | T15: 6.4
A16: PM | B16: 3 | C16: 3.5 | D16: 3 | E16: 3 | F16: 3 | G16: 3.2 | H16: 3.1 | I16: 3.7 | J16: 3.6 | K16: 3.6 | L16: 3.4 | M16: 3.4 | N16: 3.4 | O16: 3.4 | P16: 2.5 | Q16: 2 | R16: 2 | S16: 2 | T16: 2
A17: Software | B17: 9.7 | C17: 10.8 | D17: 10.8 | E17: 11.8 | F17: 12 | G17: 11.2 | H17: 10.2 | I17: 11.9 | J17: 11.9 | K17: 11.9 | L17: 12.3 | M17: 11.8 | N17: 11.1 | O17: 11.1 | P17: 11.2 | Q17: 10.1 | R17: 10.1 | S17: 10.1 | T17: 10.1
A18: Leader | B18: 1.2 | C18: 1 | D18: 0.8 | E18: 0.8 | F18: 1 | G18: 1 | H18: 1 | I18: 1.2 | J18: 1.2 | K18: 1.2 | L18: 1.1 | M18: 1.1 | N18: 0.9 | O18: 0.9 | P18: 0.7 | Q18: 0.6 | R18: 0.6 | S18: 0.6 | T18: 0.6
... A100: 총합계 | B100: 45.2 | C100: 50.1 | D100: 50.5 | E100: 48.7 | F100: 47.9 | G100: 48.7 | H100: 50.7 | I100: 50.9 | J100: 50 | K100: 49.7 | L100: 48.7 | M100: 48.2 | N100: 47.4 | O100: 48.4 | P100: 42.2 | Q100: 35.5 | R100: 35.5 | S100: 35.5 | T100: 35.5

Sheet Project IO
B1: Do Not Change This Sheet | D1: Last Update | E1: 45909
B3: Project | C3: Project JO | D3: PCAS Status | E3: Project Lifecycle | G3: Terminology of Project Lifecycle Status in SUN PMO
B4: CatOX Alpha design | C4: 407060 | D4: Active | E4: Lead | G4: * Define status in terms of Start to End of Phase Gate
B5: Ganymede support - PCCA | C5: 407078 | D5: Active | E5: Planning | G5: 예) Gate0가 끝나고 Gate1까지는 "Opportunity"
B6: Havasu | C6: 406399 | D6: Active | E6: Active
B7: HRS Integrates | C7: 406403 | D7: Active | E7: Active
B8: Micron A&D | C8: 406886 | D8: Active | E8: Active
B9: PCAS Pre-Gate 1 Support(SIA) | C9: 407057 | D9: Active | E9: Lead
B10: R&D General - Legacy/TSG | C10: 406442 | D10: Active | E10: Complete
B11: Tumalo Ph1 | C11: 406437 | D11: Active | E11: Active
B12: EUV Zenith Plus | C12: 406372 | D12: Complete | E12: Launched
B13: Tumalo Ph2 | C13: 407039 | D13: Active | E13: Active
B14: Unify support | C14: 407053 | D14: Active | E14: Planning
B15: Carl Zeiss | C15: TBC | D15: Cancelled | E15: Lead
B16: CatOX | C16: TBC | D16: potential | E16: Lead
B17: HRS 9N Upgarde | C17: TBC | D17: potential | E17: Opportunty
B18: Kanara | C18: TBC | D18: Plan | E18: Lead
B19: HRS | C19: TBC | D19: Active | E19: Active | G19: Projedt Status 정의 - PCAS IS NPI 기준
B20: Hermes | C20: 407110 | D20: Cancelled | E20: Cancelled | F20: Decision made on 2025.10 | G20: Active | H20: PCP에 의해 승인받고 IS NPI에서 진행하고 있는 commit project - Current product 지원 포함
B21: Gen3 EUV Zenith Plus 7SRC TSMC | C21: 407140 | D21: Active | E21: ETO | G21: Complete | H21: 완료된 project - Gate6 or Gate5 pass로 TSG hand-over가 완료된 project
B22: Pre CPR for IS | C22: 407057 | D22: Active | E22: Opportunty | G22: Plan | H22: Pre-Gate1(Gate2) 로 NPI Project 시작 전 PCAS NPI에서 project(support) 진행을 협의 및 검토 중인 단계
B23: LPLN TOP 150 support | C23: 407154 | D23: Active | E23: Active | G23: Potential | H23: Gate0 단계 혹은 RFQ 단계의 project로 NPI 에서 진행하는 것이 협의되지 않은 상태의 모든 project or support

Sheet 정원
B1: 정원 | I1: SuM | J1: =SUM(J3:J1048576) -> 47.9 | K1: =SUM(K3:K1048576) -> 47.9 | L1: =SUM(L3:L1048576) -> 48.9 | M1: =SUM(M3:M1048576) -> 47.9 | N1: =SUM(N3:N1048576) -> 47.9 | O1: =SUM(O3:O1048576) -> 46.9 | P1: =SUM(P3:P1048576) -> 46.9 | Q1: =SUM(Q3:Q1048576) -> 46.9 | ... AZ1: =SUM(AZ3:AZ1048576) -> 48.9
A2: No | B2: Status | C2: Project | D2: Name | E2: Resource Department | F2: Sub-Team | G2: Resource Role | H2: G5 | I2: G6 | J2: 45833 | K2: 45863 | L2: 45894 | M2: 45925 | N2: 45955 | O2: 45986 | P2: 46016 | Q2: 45683 | R2: 45714 | S2: 45742 | T2: 45773 | U2: 45803 | V2: 45834 | W2: 45864 | X2: 45895 | Y2: 45926 | Z2: 45956 | AA2: 45987 | AB2: 46017 | AC2: 45684 | AD2: 45715 | AE2: 45743 | AF2: 45774 | AG2: 45804 | AH2: 45835 | AI2: 45865 | AJ2: 45896 | AK2: 45927 | AL2: 45957 | AM2: 45988 | AN2: 46018 | AO2: 45685 | AP2: 45716 | AQ2: 45744 | AR2: 45775 | AS2: 45805 | AT2: 45836 | AU2: 45866 | AV2: 45897 | AW2: 45928 | AX2: 45958 | AY2: 45989 | AZ2: 46019
A3: 1 | C3: =$B$1 -> 정원 | D3: JiYoung Son | E3: Engineering | F3: * Manager | G3: * Eng Manager | J3: 0.4 | K3: 0.4 | L3: 0.4 | M3: 0.4 | N3: 0.4 | O3: 0.4 | P3: 0.4 | Q3: 0.4 | R3: 0.4 | S3: 0.4 | T3: 0.4 | U3: 0.4 | V3: 0.4 | W3: 0.4 | X3: 0.4 | Y3: 0.4 | Z3: 0.4 | AA3: 0.4 | AB3: 0.4 | AC3: 0.4 | AD3: 0.4 | AE3: 0.4 | AF3: 0.4 | AG3: 0.4 | AH3: 0.4 | AI3: 0.4 | AJ3: 0.4 | AK3: 0.4 | AL3: 0.4 | AM3: 0.4 | AN3: 0.4 | AO3: 0.4 | AP3: 0.4 | AQ3: 0.4 | AR3: 0.4 | AS3: 0.4 | AT3: 0.4 | AU3: 0.4 | AV3: 0.4 | AW3: 0.4 | AX3: 0.4 | AY3: 0.4 | AZ3: 0.4
A4: 2 | C4: =$B$1 -> 정원 | D4: Jinney Lee | E4: PMO | F4: * Manager | G4: * Manager | J4: 1 | K4: 1 | L4: 1 | M4: 1 | N4: 1 | O4: 1 | P4: 1 | Q4: 1 | R4: 1 | S4: 1 | T4: 1 | U4: 1 | V4: 1 | W4: 1 | X4: 1 | Y4: 1 | Z4: 1 | AA4: 1 | AB4: 1 | AC4: 1 | AD4: 1 | AE4: 1 | AF4: 1 | AG4: 1 | AH4: 1 | AI4: 1 | AJ4: 1 | AK4: 1 | AL4: 1 | AM4: 1 | AN4: 1 | AO4: 1 | AP4: 1 | AQ4: 1 | AR4: 1 | AS4: 1 | AT4: 1 | AU4: 1 | AV4: 1 | AW4: 1 | AX4: 1 | AY4: 1 | AZ4: 1
A5: 3 | C5: =$B$1 -> 정원 | D5: Eugene Lee | E5: PMO | F5: PM | G5: PM | J5: 1 | K5: 1 | L5: 1 | M5: 1 | N5: 1 | O5: 1 | P5: 1 | Q5: 1 | R5: 1 | S5: 1 | T5: 1 | U5: 1 | V5: 1 | W5: 1 | X5: 1 | Y5: 1 | Z5: 1 | AA5: 1 | AB5: 1 | AC5: 1 | AD5: 1 | AE5: 1 | AF5: 1 | AG5: 1 | AH5: 1 | AI5: 1 | AJ5: 1 | AK5: 1 | AL5: 1 | AM5: 1 | AN5: 1 | AO5: 1 | AP5: 1 | AQ5: 1 | AR5: 1 | AS5: 1 | AT5: 1 | AU5: 1 | AV5: 1 | AW5: 1 | AX5: 1 | AY5: 1 | AZ5: 1
A6: 4 | C6: =$B$1 -> 정원 | D6: Evan Lee | E6: PMO | F6: PM | G6: PM | J6: 1 | K6: 1 | L6: 1 | M6: 1 | N6: 1 | O6: 1 | P6: 1 | Q6: 1 | R6: 1 | S6: 1 | T6: 1 | U6: 1 | V6: 1 | W6: 1 | X6: 1 | Y6: 1 | Z6: 1 | AA6: 1 | AB6: 1 | AC6: 1 | AD6: 1 | AE6: 1 | AF6: 1 | AG6: 1 | AH6: 1 | AI6: 1 | AJ6: 1 | AK6: 1 | AL6: 1 | AM6: 1 | AN6: 1 | AO6: 1 | AP6: 1 | AQ6: 1 | AR6: 1 | AS6: 1 | AT6: 1 | AU6: 1 | AV6: 1 | AW6: 1 | AX6: 1 | AY6: 1 | AZ6: 1
A7: 5 | C7: =$B$1 -> 정원 | D7: Yuro Lee | E7: PMO | F7: PM | G7: PM | J7: 1 | K7: 1 | L7: 1 | M7: 1 | N7: 1 | O7: 1 | P7: 1 | Q7: 1 | R7: 1 | S7: 1 | T7: 1 | U7: 1 | V7: 1 | W7: 1 | X7: 1 | Y7: 1 | Z7: 1 | AA7: 1 | AB7: 1 | AC7: 1 | AD7: 1 | AE7: 1 | AF7: 1 | AG7: 1 | AH7: 1 | AI7: 1 | AJ7: 1 | AK7: 1 | AL7: 1 | AM7: 1 | AN7: 1 | AO7: 1 | AP7: 1 | AQ7: 1 | AR7: 1 | AS7: 1 | AT7: 1 | AU7: 1 | AV7: 1 | AW7: 1 | AX7: 1 | AY7: 1 | AZ7: 1
A8: 6 | C8: =$B$1 -> 정원 | D8: Dorothy Noh | E8: NPI IS | F8: * Manager | G8: * Manager | J8: 1 | K8: 1 | L8: 1 | M8: 1 | N8: 1 | O8: 1 | P8: 1 | Q8: 1 | R8: 1 | S8: 1 | T8: 1 | U8: 1 | V8: 1 | W8: 1 | X8: 1 | Y8: 1 | Z8: 1 | AA8: 1 | AB8: 1 | AC8: 1 | AD8: 1 | AE8: 1 | AF8: 1 | AG8: 1 | AH8: 1 | AI8: 1 | AJ8: 1 | AK8: 1 | AL8: 1 | AM8: 1 | AN8: 1 | AO8: 1 | AP8: 1 | AQ8: 1 | AR8: 1 | AS8: 1 | AT8: 1 | AU8: 1 | AV8: 1 | AW8: 1 | AX8: 1 | AY8: 1 | AZ8: 1
A9: 7 | C9: =$B$1 -> 정원 | D9: Michael Kim | E9: NPI IS | F9: System 1 | G9: Tech Lead | J9: 1 | K9: 1 | L9: 1 | M9: 1 | N9: 1 | O9: 1 | P9: 1 | Q9: 1 | R9: 1 | S9: 1 | T9: 1 | U9: 1 | V9: 1 | W9: 1 | X9: 1 | Y9: 1 | Z9: 1 | AA9: 1 | AB9: 1 | AC9: 1 | AD9: 1 | AE9: 1 | AF9: 1 | AG9: 1 | AH9: 1 | AI9: 1 | AJ9: 1 | AK9: 1 | AL9: 1 | AM9: 1 | AN9: 1 | AO9: 1 | AP9: 1 | AQ9: 1 | AR9: 1 | AS9: 1 | AT9: 1 | AU9: 1 | AV9: 1 | AW9: 1 | AX9: 1 | AY9: 1 | AZ9: 1
A10: 8 | C10: =$B$1 -> 정원 | D10: Anders You | E10: NPI IS | F10: System 1 | G10: System engineer | J10: 1 | K10: 1 | L10: 1 | M10: 1 | N10: 1 | O10: 1 | P10: 1 | Q10: 1 | R10: 1 | S10: 1 | T10: 1 | U10: 1 | V10: 1 | W10: 1 | X10: 1 | Y10: 1 | Z10: 1 | AA10: 1 | AB10: 1 | AC10: 1 | AD10: 1 | AE10: 1 | AF10: 1 | AG10: 1 | AH10: 1 | AI10: 1 | AJ10: 1 | AK10: 1 | AL10: 1 | AM10: 1 | AN10: 1 | AO10: 1 | AP10: 1 | AQ10: 1 | AR10: 1 | AS10: 1 | AT10: 1 | AU10: 1 | AV10: 1 | AW10: 1 | AX10: 1 | AY10: 1 | AZ10: 1
A11: 9 | B11: Move | C11: =$B$1 -> 정원 | D11: Robin Park | E11: NPI IS | F11: System 1 | G11: Technician | J11: 1 | K11: 1 | L11: 1 | M11: 1
A12: 10 | C12: =$B$1 -> 정원 | D12: Ricky Kim | E12: NPI IS | F12: System 1 | G12: System engineer | J12: 1 | K12: 1 | L12: 1 | M12: 1 | N12: 1 | O12: 1 | P12: 1 | Q12: 1 | R12: 1 | S12: 1 | T12: 1 | U12: 1 | V12: 1 | W12: 1 | X12: 1 | Y12: 1 | Z12: 1 | AA12: 1 | AB12: 1 | AC12: 1 | AD12: 1 | AE12: 1 | AF12: 1 | AG12: 1 | AH12: 1 | AI12: 1 | AJ12: 1 | AK12: 1 | AL12: 1 | AM12: 1 | AN12: 1 | AO12: 1 | AP12: 1 | AQ12: 1 | AR12: 1 | AS12: 1 | AT12: 1 | AU12: 1 | AV12: 1 | AW12: 1 | AX12: 1 | AY12: 1 | AZ12: 1
A13: 11 | C13: =$B$1 -> 정원 | D13: Chloe Jeong | E13: NPI IS | F13: System 1 | G13: System engineer | J13: 1 | K13: 1 | L13: 1 | M13: 1 | N13: 1 | O13: 1 | P13: 1 | Q13: 1 | R13: 1 | S13: 1 | T13: 1 | U13: 1 | V13: 1 | W13: 1 | X13: 1 | Y13: 1 | Z13: 1 | AA13: 1 | AB13: 1 | AC13: 1 | AD13: 1 | AE13: 1 | AF13: 1 | AG13: 1 | AH13: 1 | AI13: 1 | AJ13: 1 | AK13: 1 | AL13: 1 | AM13: 1 | AN13: 1 | AO13: 1 | AP13: 1 | AQ13: 1 | AR13: 1 | AS13: 1 | AT13: 1 | AU13: 1 | AV13: 1 | AW13: 1 | AX13: 1 | AY13: 1 | AZ13: 1
A14: 12 | C14: =$B$1 -> 정원 | D14: Judy Lee | E14: NPI IS | F14: System 1 | G14: Service engineer | J14: 1 | K14: 1 | L14: 1 | M14: 1 | N14: 1 | O14: 1 | P14: 1 | Q14: 1 | R14: 1 | S14: 1 | T14: 1 | U14: 1 | V14: 1 | W14: 1 | X14: 1 | Y14: 1 | Z14: 1 | AA14: 1 | AB14: 1 | AC14: 1 | AD14: 1 | AE14: 1 | AF14: 1 | AG14: 1 | AH14: 1 | AI14: 1 | AJ14: 1 | AK14: 1 | AL14: 1 | AM14: 1 | AN14: 1 | AO14: 1 | AP14: 1 | AQ14: 1 | AR14: 1 | AS14: 1 | AT14: 1 | AU14: 1 | AV14: 1 | AW14: 1 | AX14: 1 | AY14: 1 | AZ14: 1
A15: 13 | C15: =$B$1 -> 정원 | D15: Chan Hwang | E15: NPI IS | F15: System 1 | G15: Service engineer | J15: 1 | K15: 1 | L15: 1 | M15: 1 | N15: 1 | O15: 1 | P15: 1 | Q15: 1 | R15: 1 | S15: 1 | T15: 1 | U15: 1 | V15: 1 | W15: 1 | X15: 1 | Y15: 1 | Z15: 1 | AA15: 1 | AB15: 1 | AC15: 1 | AD15: 1 | AE15: 1 | AF15: 1 | AG15: 1 | AH15: 1 | AI15: 1 | AJ15: 1 | AK15: 1 | AL15: 1 | AM15: 1 | AN15: 1 | AO15: 1 | AP15: 1 | AQ15: 1 | AR15: 1 | AS15: 1 | AT15: 1 | AU15: 1 | AV15: 1 | AW15: 1 | AX15: 1 | AY15: 1 | AZ15: 1
A16: 14 | C16: =$B$1 -> 정원 | D16: Jacob Lee | E16: NPI IS | F16: System 3 | G16: Tech Lead | J16: 1 | K16: 1 | L16: 1 | M16: 1 | N16: 1 | O16: 1 | P16: 1 | Q16: 1 | R16: 1 | S16: 1 | T16: 1 | U16: 1 | V16: 1 | W16: 1 | X16: 1 | Y16: 1 | Z16: 1 | AA16: 1 | AB16: 1 | AC16: 1 | AD16: 1 | AE16: 1 | AF16: 1 | AG16: 1 | AH16: 1 | AI16: 1 | AJ16: 1 | AK16: 1 | AL16: 1 | AM16: 1 | AN16: 1 | AO16: 1 | AP16: 1 | AQ16: 1 | AR16: 1 | AS16: 1 | AT16: 1 | AU16: 1 | AV16: 1 | AW16: 1 | AX16: 1 | AY16: 1 | AZ16: 1
A17: 15 | C17: =$B$1 -> 정원 | D17: Grace Ji | E17: NPI IS | F17: System 3 | G17: Tech Lead | J17: 1 | K17: 1 | L17: 1 | M17: 1 | N17: 1 | O17: 1 | P17: 1 | Q17: 1 | R17: 1 | S17: 1 | T17: 1 | U17: 1 | V17: 1 | W17: 1 | X17: 1 | Y17: 1 | Z17: 1 | AA17: 1 | AB17: 1 | AC17: 1 | AD17: 1 | AE17: 1 | AF17: 1 | AG17: 1 | AH17: 1 | AI17: 1 | AJ17: 1 | AK17: 1 | AL17: 1 | AM17: 1 | AN17: 1 | AO17: 1 | AP17: 1 | AQ17: 1 | AR17: 1 | AS17: 1 | AT17: 1 | AU17: 1 | AV17: 1 | AW17: 1 | AX17: 1 | AY17: 1 | AZ17: 1
A18: 16 | C18: =$B$1 -> 정원 | D18: Noah Yeom | E18: NPI IS | F18: System 3 | G18: System engineer | J18: 1 | K18: 1 | L18: 1 | M18: 1 | N18: 1 | O18: 1 | P18: 1 | Q18: 1 | R18: 1 | S18: 1 | T18: 1 | U18: 1 | V18: 1 | W18: 1 | X18: 1 | Y18: 1 | Z18: 1 | AA18: 1 | AB18: 1 | AC18: 1 | AD18: 1 | AE18: 1 | AF18: 1 | AG18: 1 | AH18: 1 | AI18: 1 | AJ18: 1 | AK18: 1 | AL18: 1 | AM18: 1 | AN18: 1 | AO18: 1 | AP18: 1 | AQ18: 1 | AR18: 1 | AS18: 1 | AT18: 1 | AU18: 1 | AV18: 1 | AW18: 1 | AX18: 1 | AY18: 1 | AZ18: 1
A19: 17 | B19: Parental leave | C19: =$B$1 -> 정원 | D19: Tred Park | E19: NPI IS | F19: System 3 | G19: System engineer | N19: 1 | O19: 1 | P19: 1 | Q19: 1 | R19: 1 | S19: 1 | T19: 1 | U19: 1 | V19: 1 | W19: 1 | X19: 1 | Y19: 1 | Z19: 1 | AA19: 1 | AB19: 1 | AC19: 1 | AD19: 1 | AE19: 1 | AF19: 1 | AG19: 1 | AH19: 1 | AI19: 1 | AJ19: 1 | AK19: 1 | AL19: 1 | AM19: 1 | AN19: 1 | AO19: 1 | AP19: 1 | AQ19: 1 | AR19: 1 | AS19: 1 | AT19: 1 | AU19: 1 | AV19: 1 | AW19: 1 | AX19: 1 | AY19: 1 | AZ19: 1
A20: 18 | C20: =$B$1 -> 정원 | D20: William Lee | E20: NPI IS | F20: System 3 | G20: Tech Lead | J20: 1 | K20: 1 | L20: 1 | M20: 1 | N20: 1 | O20: 1 | P20: 1 | Q20: 1 | R20: 1 | S20: 1 | T20: 1 | U20: 1 | V20: 1 | W20: 1 | X20: 1 | Y20: 1 | Z20: 1 | AA20: 1 | AB20: 1 | AC20: 1 | AD20: 1 | AE20: 1 | AF20: 1 | AG20: 1 | AH20: 1 | AI20: 1 | AJ20: 1 | AK20: 1 | AL20: 1 | AM20: 1 | AN20: 1 | AO20: 1 | AP20: 1 | AQ20: 1 | AR20: 1 | AS20: 1 | AT20: 1 | AU20: 1 | AV20: 1 | AW20: 1 | AX20: 1 | AY20: 1 | AZ20: 1
A21: 19 | C21: =$B$1 -> 정원 | D21: Alyssa Park | E21: NPI IS | F21: System 3 | G21: System engineer | J21: 1 | K21: 1 | L21: 1 | M21: 1 | N21: 1 | O21: 1 | P21: 1 | Q21: 1 | R21: 1 | S21: 1 | T21: 1 | U21: 1 | V21: 1 | W21: 1 | X21: 1 | Y21: 1 | Z21: 1 | AA21: 1 | AB21: 1 | AC21: 1 | AD21: 1 | AE21: 1 | AF21: 1 | AG21: 1 | AH21: 1 | AI21: 1 | AJ21: 1 | AK21: 1 | AL21: 1 | AM21: 1 | AN21: 1 | AO21: 1 | AP21: 1 | AQ21: 1 | AR21: 1 | AS21: 1 | AT21: 1 | AU21: 1 | AV21: 1 | AW21: 1 | AX21: 1 | AY21: 1 | AZ21: 1
A22: 20 | C22: =$B$1 -> 정원 | D22: Fred Lee | E22: NPI IS | F22: System 3 | G22: Service engineer | J22: 1 | K22: 1 | L22: 1 | M22: 1 | N22: 1 | O22: 1 | P22: 1 | Q22: 1 | R22: 1 | S22: 1 | T22: 1 | U22: 1 | V22: 1 | W22: 1 | X22: 1 | Y22: 1 | Z22: 1 | AA22: 1 | AB22: 1 | AC22: 1 | AD22: 1 | AE22: 1 | AF22: 1 | AG22: 1 | AH22: 1 | AI22: 1 | AJ22: 1 | AK22: 1 | AL22: 1 | AM22: 1 | AN22: 1 | AO22: 1 | AP22: 1 | AQ22: 1 | AR22: 1 | AS22: 1 | AT22: 1 | AU22: 1 | AV22: 1 | AW22: 1 | AX22: 1 | AY22: 1 | AZ22: 1
A23: 21 | C23: =$B$1 -> 정원 | D23: Chad Seo | E23: NPI IS | F23: System 2 | G23: Tech Lead | J23: 1 | K23: 1 | L23: 1 | M23: 1 | N23: 1 | O23: 1 | P23: 1 | Q23: 1 | R23: 1 | S23: 1 | T23: 1 | U23: 1 | V23: 1 | W23: 1 | X23: 1 | Y23: 1 | Z23: 1 | AA23: 1 | AB23: 1 | AC23: 1 | AD23: 1 | AE23: 1 | AF23: 1 | AG23: 1 | AH23: 1 | AI23: 1 | AJ23: 1 | AK23: 1 | AL23: 1 | AM23: 1 | AN23: 1 | AO23: 1 | AP23: 1 | AQ23: 1 | AR23: 1 | AS23: 1 | AT23: 1 | AU23: 1 | AV23: 1 | AW23: 1 | AX23: 1 | AY23: 1 | AZ23: 1
A24: 22 | C24: =$B$1 -> 정원 | D24: Jess Kim | E24: NPI IS | F24: System 2 | G24: System engineer | J24: 1 | K24: 1 | L24: 1 | M24: 1 | N24: 1 | O24: 1 | P24: 1 | Q24: 1 | R24: 1 | S24: 1 | T24: 1 | U24: 1 | V24: 1 | W24: 1 | X24: 1 | Y24: 1 | Z24: 1 | AA24: 1 | AB24: 1 | AC24: 1 | AD24: 1 | AE24: 1 | AF24: 1 | AG24: 1 | AH24: 1 | AI24: 1 | AJ24: 1 | AK24: 1 | AL24: 1 | AM24: 1 | AN24: 1 | AO24: 1 | AP24: 1 | AQ24: 1 | AR24: 1 | AS24: 1 | AT24: 1 | AU24: 1 | AV24: 1 | AW24: 1 | AX24: 1 | AY24: 1 | AZ24: 1
A25: 23 | C25: =$B$1 -> 정원 | D25: Kevin Ko | E25: NPI IS | F25: System 2 | G25: System engineer | J25: 1 | K25: 1 | L25: 1 | M25: 1 | N25: 1 | O25: 1 | P25: 1 | Q25: 1 | R25: 1 | S25: 1 | T25: 1 | U25: 1 | V25: 1 | W25: 1 | X25: 1 | Y25: 1 | Z25: 1 | AA25: 1 | AB25: 1 | AC25: 1 | AD25: 1 | AE25: 1 | AF25: 1 | AG25: 1 | AH25: 1 | AI25: 1 | AJ25: 1 | AK25: 1 | AL25: 1 | AM25: 1 | AN25: 1 | AO25: 1 | AP25: 1 | AQ25: 1 | AR25: 1 | AS25: 1 | AT25: 1 | AU25: 1 | AV25: 1 | AW25: 1 | AX25: 1 | AY25: 1 | AZ25: 1
A26: 24 | C26: =$B$1 -> 정원 | D26: Emma Kim | E26: NPI IS | F26: System 2 | G26: Tech Lead | J26: 1 | K26: 1 | L26: 1 | M26: 1 | N26: 1 | O26: 1 | P26: 1 | Q26: 1 | R26: 1 | S26: 1 | T26: 1 | U26: 1 | V26: 1 | W26: 1 | X26: 1 | Y26: 1 | Z26: 1 | AA26: 1 | AB26: 1 | AC26: 1 | AD26: 1 | AE26: 1 | AF26: 1 | AG26: 1 | AH26: 1 | AI26: 1 | AJ26: 1 | AK26: 1 | AL26: 1 | AM26: 1 | AN26: 1 | AO26: 1 | AP26: 1 | AQ26: 1 | AR26: 1 | AS26: 1 | AT26: 1 | AU26: 1 | AV26: 1 | AW26: 1 | AX26: 1 | AY26: 1 | AZ26: 1
A27: 25 | C27: =$B$1 -> 정원 | D27: Harry Kwak | E27: NPI IS | F27: System 2 | G27: System engineer | J27: 1 | K27: 1 | L27: 1 | M27: 1 | N27: 1 | O27: 1 | P27: 1 | Q27: 1 | R27: 1 | S27: 1 | T27: 1 | U27: 1 | V27: 1 | W27: 1 | X27: 1 | Y27: 1 | Z27: 1 | AA27: 1 | AB27: 1 | AC27: 1 | AD27: 1 | AE27: 1 | AF27: 1 | AG27: 1 | AH27: 1 | AI27: 1 | AJ27: 1 | AK27: 1 | AL27: 1 | AM27: 1 | AN27: 1 | AO27: 1 | AP27: 1 | AQ27: 1 | AR27: 1 | AS27: 1 | AT27: 1 | AU27: 1 | AV27: 1 | AW27: 1 | AX27: 1 | AY27: 1 | AZ27: 1
A28: 26 | B28: Parental leave | C28: =$B$1 -> 정원 | D28: Stella Lim | E28: NPI IS | F28: System 2 | G28: System engineer | J28: 1 | K28: 1 | L28: 1 | M28: 1 | N28: 1 | O28: 1 | P28: 1 | AB28: 1 | AC28: 1 | AD28: 1 | AE28: 1 | AF28: 1 | AG28: 1 | AH28: 1 | AI28: 1 | AJ28: 1 | AK28: 1 | AL28: 1 | AM28: 1 | AN28: 1 | AO28: 1 | AP28: 1 | AQ28: 1 | AR28: 1 | AS28: 1 | AT28: 1 | AU28: 1 | AV28: 1 | AW28: 1 | AX28: 1 | AY28: 1 | AZ28: 1
A29: 27 | C29: =$B$1 -> 정원 | D29: Sophie Kim | E29: NPI IS | F29: System 2 | G29: Service engineer | J29: 1 | K29: 1 | L29: 1 | M29: 1 | N29: 1 | O29: 1 | P29: 1 | Q29: 1 | R29: 1 | S29: 1 | T29: 1 | U29: 1 | V29: 1 | W29: 1 | X29: 1 | Y29: 1 | Z29: 1 | AA29: 1 | AB29: 1 | AC29: 1 | AD29: 1 | AE29: 1 | AF29: 1 | AG29: 1 | AH29: 1 | AI29: 1 | AJ29: 1 | AK29: 1 | AL29: 1 | AM29: 1 | AN29: 1 | AO29: 1 | AP29: 1 | AQ29: 1 | AR29: 1 | AS29: 1 | AT29: 1 | AU29: 1 | AV29: 1 | AW29: 1 | AX29: 1 | AY29: 1 | AZ29: 1
A30: 28 | C30: =$B$1 -> 정원 | D30: Jeremy Park | E30: NPI IS | F30: Mechanical | G30: Leader | J30: 1 | K30: 1 | L30: 1 | M30: 1 | N30: 1 | O30: 1 | P30: 1 | Q30: 1 | R30: 1 | S30: 1 | T30: 1 | U30: 1 | V30: 1 | W30: 1 | X30: 1 | Y30: 1 | Z30: 1 | AA30: 1 | AB30: 1 | AC30: 1 | AD30: 1 | AE30: 1 | AF30: 1 | AG30: 1 | AH30: 1 | AI30: 1 | AJ30: 1 | AK30: 1 | AL30: 1 | AM30: 1 | AN30: 1 | AO30: 1 | AP30: 1 | AQ30: 1 | AR30: 1 | AS30: 1 | AT30: 1 | AU30: 1 | AV30: 1 | AW30: 1 | AX30: 1 | AY30: 1 | AZ30: 1
A31: 29 | C31: =$B$1 -> 정원 | D31: Allie Park | E31: NPI IS | F31: Mechanical | G31: Mechanical engineer | J31: 1 | K31: 1 | L31: 1 | M31: 1 | N31: 1 | O31: 1 | P31: 1 | Q31: 1 | R31: 1 | S31: 1 | T31: 1 | U31: 1 | V31: 1 | W31: 1 | X31: 1 | Y31: 1 | Z31: 1 | AA31: 1 | AB31: 1 | AC31: 1 | AD31: 1 | AE31: 1 | AF31: 1 | AG31: 1 | AH31: 1 | AI31: 1 | AJ31: 1 | AK31: 1 | AL31: 1 | AM31: 1 | AN31: 1 | AO31: 1 | AP31: 1 | AQ31: 1 | AR31: 1 | AS31: 1 | AT31: 1 | AU31: 1 | AV31: 1 | AW31: 1 | AX31: 1 | AY31: 1 | AZ31: 1
A32: 30 | C32: =$B$1 -> 정원 | D32: Wayne Jo | E32: NPI IS | F32: Mechanical | G32: Mechanical engineer | J32: 1 | K32: 1 | L32: 1 | M32: 1 | N32: 1 | O32: 1 | P32: 1 | Q32: 1 | R32: 1 | S32: 1 | T32: 1 | U32: 1 | V32: 1 | W32: 1 | X32: 1 | Y32: 1 | Z32: 1 | AA32: 1 | AB32: 1 | AC32: 1 | AD32: 1 | AE32: 1 | AF32: 1 | AG32: 1 | AH32: 1 | AI32: 1 | AJ32: 1 | AK32: 1 | AL32: 1 | AM32: 1 | AN32: 1 | AO32: 1 | AP32: 1 | AQ32: 1 | AR32: 1 | AS32: 1 | AT32: 1 | AU32: 1 | AV32: 1 | AW32: 1 | AX32: 1 | AY32: 1 | AZ32: 1
A33: 31 | C33: =$B$1 -> 정원 | D33: Jiny Park | E33: NPI IS | F33: Mechanical | G33: Mechanical engineer | J33: 1 | K33: 1 | L33: 1 | M33: 1 | N33: 1 | O33: 1 | P33: 1 | Q33: 1 | R33: 1 | S33: 1 | T33: 1 | U33: 1 | V33: 1 | W33: 1 | X33: 1 | Y33: 1 | Z33: 1 | AA33: 1 | AB33: 1 | AC33: 1 | AD33: 1 | AE33: 1 | AF33: 1 | AG33: 1 | AH33: 1 | AI33: 1 | AJ33: 1 | AK33: 1 | AL33: 1 | AM33: 1 | AN33: 1 | AO33: 1 | AP33: 1 | AQ33: 1 | AR33: 1 | AS33: 1 | AT33: 1 | AU33: 1 | AV33: 1 | AW33: 1 | AX33: 1 | AY33: 1 | AZ33: 1
A34: 32 | B34: Move | C34: =$B$1 -> 정원 | D34: Evan Yu | E34: NPI IS | F34: Mechanical | G34: Mechanical engineer | J34: 1 | K34: 1 | L34: 1
A35: 33 | B35: Parental leave | C35: =$B$1 -> 정원 | D35: Jayce Park | E35: NPI IS | F35: Mechanical | G35: Mechanical engineer | W35: 1 | X35: 1 | Y35: 1 | Z35: 1 | AA35: 1 | AB35: 1 | AC35: 1 | AD35: 1 | AE35: 1 | AF35: 1 | AG35: 1 | AH35: 1 | AI35: 1 | AJ35: 1 | AK35: 1 | AL35: 1 | AM35: 1 | AN35: 1 | AO35: 1 | AP35: 1 | AQ35: 1 | AR35: 1 | AS35: 1 | AT35: 1 | AU35: 1 | AV35: 1 | AW35: 1 | AX35: 1 | AY35: 1 | AZ35: 1
A36: 34 | B36: Parental leave | C36: =$B$1 -> 정원 | D36: Esther Jeong | E36: NPI IS | F36: Mechanical | G36: Mechanical engineer | J36: 1 | K36: 1 | L36: 1 | M36: 1 | N36: 1 | O36: 1 | P36: 1 | Q36: 1
A37: 35 | C37: =$B$1 -> 정원 | D37: Sooyoung Song | E37: NPI IS | F37: Mechanical | G37: Mechanical engineer | J37: 1 | K37: 1 | L37: 1 | M37: 1 | N37: 1 | O37: 1 | P37: 1 | Q37: 1 | R37: 1 | S37: 1 | T37: 1 | U37: 1 | V37: 1 | W37: 1 | X37: 1 | Y37: 1 | Z37: 1 | AA37: 1 | AB37: 1 | AC37: 1 | AD37: 1 | AE37: 1 | AF37: 1 | AG37: 1 | AH37: 1 | AI37: 1 | AJ37: 1 | AK37: 1 | AL37: 1 | AM37: 1 | AN37: 1 | AO37: 1 | AP37: 1 | AQ37: 1 | AR37: 1 | AS37: 1 | AT37: 1 | AU37: 1 | AV37: 1 | AW37: 1 | AX37: 1 | AY37: 1 | AZ37: 1
A38: 36 | C38: =$B$1 -> 정원 | D38: Derek Cho | E38: NPI IS | F38: Mechanical | G38: Mechanical engineer | J38: 1 | K38: 1 | L38: 1 | M38: 1 | N38: 1 | O38: 1 | P38: 1 | Q38: 1 | R38: 1 | S38: 1 | T38: 1 | U38: 1 | V38: 1 | W38: 1 | X38: 1 | Y38: 1 | Z38: 1 | AA38: 1 | AB38: 1 | AC38: 1 | AD38: 1 | AE38: 1 | AF38: 1 | AG38: 1 | AH38: 1 | AI38: 1 | AJ38: 1 | AK38: 1 | AL38: 1 | AM38: 1 | AN38: 1 | AO38: 1 | AP38: 1 | AQ38: 1 | AR38: 1 | AS38: 1 | AT38: 1 | AU38: 1 | AV38: 1 | AW38: 1 | AX38: 1 | AY38: 1 | AZ38: 1
A39: 37 | C39: =$B$1 -> 정원 | D39: Jayden Lee | E39: NPI IS | F39: Mechanical | G39: Mechanical engineer | L39: 1 | M39: 1 | N39: 1 | O39: 1 | P39: 1 | Q39: 1 | R39: 1 | S39: 1 | T39: 1 | U39: 1 | V39: 1 | W39: 1 | X39: 1 | Y39: 1 | Z39: 1 | AA39: 1 | AB39: 1 | AC39: 1 | AD39: 1 | AE39: 1 | AF39: 1 | AG39: 1 | AH39: 1 | AI39: 1 | AJ39: 1 | AK39: 1 | AL39: 1 | AM39: 1 | AN39: 1 | AO39: 1 | AP39: 1 | AQ39: 1 | AR39: 1 | AS39: 1 | AT39: 1 | AU39: 1 | AV39: 1 | AW39: 1 | AX39: 1 | AY39: 1 | AZ39: 1
A40: 38 | C40: =$B$1 -> 정원 | D40: Mogen Seo | E40: Control Eng. | F40: * Manager | G40: * Manager | J40: 0.5 | K40: 0.5 | L40: 0.5 | M40: 0.5 | N40: 0.5 | O40: 0.5 | P40: 0.5 | Q40: 0.5 | R40: 0.5 | S40: 0.5 | T40: 0.5 | U40: 0.5 | V40: 0.5 | W40: 0.5 | X40: 0.5 | Y40: 0.5 | Z40: 0.5 | AA40: 0.5 | AB40: 0.5 | AC40: 0.5 | AD40: 0.5 | AE40: 0.5 | AF40: 0.5 | AG40: 0.5 | AH40: 0.5 | AI40: 0.5 | AJ40: 0.5 | AK40: 0.5 | AL40: 0.5 | AM40: 0.5 | AN40: 0.5 | AO40: 0.5 | AP40: 0.5 | AQ40: 0.5 | AR40: 0.5 | AS40: 0.5 | AT40: 0.5 | AU40: 0.5 | AV40: 0.5 | AW40: 0.5 | AX40: 0.5 | AY40: 0.5 | AZ40: 0.5
A41: 39 | C41: =$B$1 -> 정원 | D41: Gerald Park | E41: Control Eng. | F41: Software | G41: Leader | J41: 1 | K41: 1 | L41: 1 | M41: 1 | N41: 1 | O41: 1 | P41: 1 | Q41: 1 | R41: 1 | S41: 1 | T41: 1 | U41: 1 | V41: 1 | W41: 1 | X41: 1 | Y41: 1 | Z41: 1 | AA41: 1 | AB41: 1 | AC41: 1 | AD41: 1 | AE41: 1 | AF41: 1 | AG41: 1 | AH41: 1 | AI41: 1 | AJ41: 1 | AK41: 1 | AL41: 1 | AM41: 1 | AN41: 1 | AO41: 1 | AP41: 1 | AQ41: 1 | AR41: 1 | AS41: 1 | AT41: 1 | AU41: 1 | AV41: 1 | AW41: 1 | AX41: 1 | AY41: 1 | AZ41: 1
A42: 40 | B42: Parental leave | C42: =$B$1 -> 정원 | D42: Ashley Yun | E42: Control Eng. | F42: Software | G42: Software engineer | J42: 1 | K42: 1 | L42: 1 | M42: 1 | N42: 1 | AE42: 1 | AF42: 1 | AG42: 1 | AH42: 1 | AI42: 1 | AJ42: 1 | AK42: 1 | AL42: 1 | AM42: 1 | AN42: 1 | AO42: 1 | AP42: 1 | AQ42: 1 | AR42: 1 | AS42: 1 | AT42: 1 | AU42: 1 | AV42: 1 | AW42: 1 | AX42: 1 | AY42: 1 | AZ42: 1
A43: 41 | C43: =$B$1 -> 정원 | D43: Ethan Jung | E43: Control Eng. | F43: Software | G43: Software engineer | J43: 1 | K43: 1 | L43: 1 | M43: 1 | N43: 1 | O43: 1 | P43: 1 | Q43: 1 | R43: 1 | S43: 1 | T43: 1 | U43: 1 | V43: 1 | W43: 1 | X43: 1 | Y43: 1 | Z43: 1 | AA43: 1 | AB43: 1 | AC43: 1 | AD43: 1 | AE43: 1 | AF43: 1 | AG43: 1 | AH43: 1 | AI43: 1 | AJ43: 1 | AK43: 1 | AL43: 1 | AM43: 1 | AN43: 1 | AO43: 1 | AP43: 1 | AQ43: 1 | AR43: 1 | AS43: 1 | AT43: 1 | AU43: 1 | AV43: 1 | AW43: 1 | AX43: 1 | AY43: 1 | AZ43: 1
A44: 42 | C44: =$B$1 -> 정원 | D44: Rachel Bae | E44: Control Eng. | F44: Software | G44: Software engineer | J44: 1 | K44: 1 | L44: 1 | M44: 1 | N44: 1 | O44: 1 | P44: 1 | Q44: 1 | R44: 1 | S44: 1 | T44: 1 | U44: 1 | V44: 1 | W44: 1 | X44: 1 | Y44: 1 | Z44: 1 | AA44: 1 | AB44: 1 | AC44: 1 | AD44: 1 | AE44: 1 | AF44: 1 | AG44: 1 | AH44: 1 | AI44: 1 | AJ44: 1 | AK44: 1 | AL44: 1 | AM44: 1 | AN44: 1 | AO44: 1 | AP44: 1 | AQ44: 1 | AR44: 1 | AS44: 1 | AT44: 1 | AU44: 1 | AV44: 1 | AW44: 1 | AX44: 1 | AY44: 1 | AZ44: 1
A45: 43 | C45: =$B$1 -> 정원 | D45: Dave Kim | E45: Control Eng. | F45: Software | G45: SW test engineer | J45: 1 | K45: 1 | L45: 1 | M45: 1 | N45: 1 | O45: 1 | P45: 1 | Q45: 1 | R45: 1 | S45: 1 | T45: 1 | U45: 1 | V45: 1 | W45: 1 | X45: 1 | Y45: 1 | Z45: 1 | AA45: 1 | AB45: 1 | AC45: 1 | AD45: 1 | AE45: 1 | AF45: 1 | AG45: 1 | AH45: 1 | AI45: 1 | AJ45: 1 | AK45: 1 | AL45: 1 | AM45: 1 | AN45: 1 | AO45: 1 | AP45: 1 | AQ45: 1 | AR45: 1 | AS45: 1 | AT45: 1 | AU45: 1 | AV45: 1 | AW45: 1 | AX45: 1 | AY45: 1 | AZ45: 1
A46: 44 | C46: =$B$1 -> 정원 | D46: Moonsu Cho | E46: Control Eng. | F46: Software | G46: SW test engineer | J46: 1 | K46: 1 | L46: 1 | M46: 1 | N46: 1 | O46: 1 | P46: 1 | Q46: 1 | R46: 1 | S46: 1 | T46: 1 | U46: 1 | V46: 1 | W46: 1 | X46: 1 | Y46: 1 | Z46: 1 | AA46: 1 | AB46: 1 | AC46: 1 | AD46: 1 | AE46: 1 | AF46: 1 | AG46: 1 | AH46: 1 | AI46: 1 | AJ46: 1 | AK46: 1 | AL46: 1 | AM46: 1 | AN46: 1 | AO46: 1 | AP46: 1 | AQ46: 1 | AR46: 1 | AS46: 1 | AT46: 1 | AU46: 1 | AV46: 1 | AW46: 1 | AX46: 1 | AY46: 1 | AZ46: 1
A47: 45 | C47: =$B$1 -> 정원 | D47: Amelia An | E47: Control Eng. | F47: Software | G47: SW test engineer | J47: 1 | K47: 1 | L47: 1 | M47: 1 | N47: 1 | O47: 1 | P47: 1 | Q47: 1 | R47: 1 | S47: 1 | T47: 1 | U47: 1 | V47: 1 | W47: 1 | X47: 1 | Y47: 1 | Z47: 1 | AA47: 1 | AB47: 1 | AC47: 1 | AD47: 1 | AE47: 1 | AF47: 1 | AG47: 1 | AH47: 1 | AI47: 1 | AJ47: 1 | AK47: 1 | AL47: 1 | AM47: 1 | AN47: 1 | AO47: 1 | AP47: 1 | AQ47: 1 | AR47: 1 | AS47: 1 | AT47: 1 | AU47: 1 | AV47: 1 | AW47: 1 | AX47: 1 | AY47: 1 | AZ47: 1
A48: 46 | C48: =$B$1 -> 정원 | D48: Owen Rim | E48: Control Eng. | F48: Software | G48: Software engineer | J48: 1 | K48: 1 | L48: 1 | M48: 1 | N48: 1 | O48: 1 | P48: 1 | Q48: 1 | R48: 1 | S48: 1 | T48: 1 | U48: 1 | V48: 1 | W48: 1 | X48: 1 | Y48: 1 | Z48: 1 | AA48: 1 | AB48: 1 | AC48: 1 | AD48: 1 | AE48: 1 | AF48: 1 | AG48: 1 | AH48: 1 | AI48: 1 | AJ48: 1 | AK48: 1 | AL48: 1 | AM48: 1 | AN48: 1 | AO48: 1 | AP48: 1 | AQ48: 1 | AR48: 1 | AS48: 1 | AT48: 1 | AU48: 1 | AV48: 1 | AW48: 1 | AX48: 1 | AY48: 1 | AZ48: 1
A49: 47 | C49: =$B$1 -> 정원 | D49: Roy Choi | E49: Control Eng. | F49: Software | G49: Software engineer | J49: 1 | K49: 1 | L49: 1 | M49: 1 | N49: 1 | O49: 1 | P49: 1 | Q49: 1 | R49: 1 | S49: 1 | T49: 1 | U49: 1 | V49: 1 | W49: 1 | X49: 1 | Y49: 1 | Z49: 1 | AA49: 1 | AB49: 1 | AC49: 1 | AD49: 1 | AE49: 1 | AF49: 1 | AG49: 1 | AH49: 1 | AI49: 1 | AJ49: 1 | AK49: 1 | AL49: 1 | AM49: 1 | AN49: 1 | AO49: 1 | AP49: 1 | AQ49: 1 | AR49: 1 | AS49: 1 | AT49: 1 | AU49: 1 | AV49: 1 | AW49: 1 | AX49: 1 | AY49: 1 | AZ49: 1
A50: 48 | C50: =$B$1 -> 정원 | D50: Joshua Im | E50: Control Eng. | F50: Electrical | G50: Leader | J50: 1 | K50: 1 | L50: 1 | M50: 1 | N50: 1 | O50: 1 | P50: 1 | Q50: 1 | R50: 1 | S50: 1 | T50: 1 | U50: 1 | V50: 1 | W50: 1 | X50: 1 | Y50: 1 | Z50: 1 | AA50: 1 | AB50: 1 | AC50: 1 | AD50: 1 | AE50: 1 | AF50: 1 | AG50: 1 | AH50: 1 | AI50: 1 | AJ50: 1 | AK50: 1 | AL50: 1 | AM50: 1 | AN50: 1 | AO50: 1 | AP50: 1 | AQ50: 1 | AR50: 1 | AS50: 1 | AT50: 1 | AU50: 1 | AV50: 1 | AW50: 1 | AX50: 1 | AY50: 1 | AZ50: 1
A51: 49 | C51: =$B$1 -> 정원 | D51: Andy Jang | E51: Control Eng. | F51: Electrical | G51: Electrical engineer | J51: 1 | K51: 1 | L51: 1 | M51: 1 | N51: 1 | O51: 1 | P51: 1 | Q51: 1 | R51: 1 | S51: 1 | T51: 1 | U51: 1 | V51: 1 | W51: 1 | X51: 1 | Y51: 1 | Z51: 1 | AA51: 1 | AB51: 1 | AC51: 1 | AD51: 1 | AE51: 1 | AF51: 1 | AG51: 1 | AH51: 1 | AI51: 1 | AJ51: 1 | AK51: 1 | AL51: 1 | AM51: 1 | AN51: 1 | AO51: 1 | AP51: 1 | AQ51: 1 | AR51: 1 | AS51: 1 | AT51: 1 | AU51: 1 | AV51: 1 | AW51: 1 | AX51: 1 | AY51: 1 | AZ51: 1
A52: 50 | C52: =$B$1 -> 정원 | D52: May Kwon | E52: Control Eng. | F52: Electrical | G52: Electrical engineer | J52: 1 | K52: 1 | L52: 1 | M52: 1 | N52: 1 | O52: 1 | P52: 1 | Q52: 1 | R52: 1 | S52: 1 | T52: 1 | U52: 1 | V52: 1 | W52: 1 | X52: 1 | Y52: 1 | Z52: 1 | AA52: 1 | AB52: 1 | AC52: 1 | AD52: 1 | AE52: 1 | AF52: 1 | AG52: 1 | AH52: 1 | AI52: 1 | AJ52: 1 | AK52: 1 | AL52: 1 | AM52: 1 | AN52: 1 | AO52: 1 | AP52: 1 | AQ52: 1 | AR52: 1 | AS52: 1 | AT52: 1 | AU52: 1 | AV52: 1 | AW52: 1 | AX52: 1 | AY52: 1 | AZ52: 1
A53: 51 | C53: =$B$1 -> 정원 | D53: Dean Choi | E53: Control Eng. | F53: Electrical | G53: Electrical engineer | J53: 1 | K53: 1 | L53: 1 | M53: 1 | N53: 1 | O53: 1 | P53: 1 | Q53: 1 | R53: 1 | S53: 1 | T53: 1 | U53: 1 | V53: 1 | W53: 1 | X53: 1 | Y53: 1 | Z53: 1 | AA53: 1 | AB53: 1 | AC53: 1 | AD53: 1 | AE53: 1 | AF53: 1 | AG53: 1 | AH53: 1 | AI53: 1 | AJ53: 1 | AK53: 1 | AL53: 1 | AM53: 1 | AN53: 1 | AO53: 1 | AP53: 1 | AQ53: 1 | AR53: 1 | AS53: 1 | AT53: 1 | AU53: 1 | AV53: 1 | AW53: 1 | AX53: 1 | AY53: 1 | AZ53: 1
A54: 52 | C54: =$B$1 -> 정원 | D54: Hana Lee | E54: Control Eng. | F54: Electrical | G54: Electrical engineer | Q54: 1 | R54: 1 | S54: 1 | T54: 1 | U54: 1 | V54: 1 | W54: 1 | X54: 1 | Y54: 1 | Z54: 1 | AA54: 1 | AB54: 1 | AC54: 1 | AD54: 1 | AE54: 1 | AF54: 1 | AG54: 1 | AH54: 1 | AI54: 1 | AJ54: 1 | AK54: 1 | AL54: 1 | AM54: 1 | AN54: 1 | AO54: 1 | AP54: 1 | AQ54: 1 | AR54: 1 | AS54: 1 | AT54: 1 | AU54: 1 | AV54: 1 | AW54: 1 | AX54: 1 | AY54: 1 | AZ54: 1
A55: 53 | C55: =$B$1 -> 정원 | D55: Julia Mun | E55: Control Eng. | F55: Electrical | G55: Electrical engineer | J55: 1 | K55: 1 | L55: 1 | M55: 1 | N55: 1 | O55: 1 | P55: 1 | Q55: 1 | R55: 1 | S55: 1 | T55: 1 | U55: 1 | V55: 1 | W55: 1 | X55: 1 | Y55: 1 | Z55: 1 | AA55: 1 | AB55: 1 | AC55: 1 | AD55: 1 | AE55: 1 | AF55: 1 | AG55: 1 | AH55: 1 | AI55: 1 | AJ55: 1 | AK55: 1 | AL55: 1 | AM55: 1 | AN55: 1 | AO55: 1 | AP55: 1 | AQ55: 1 | AR55: 1 | AS55: 1 | AT55: 1 | AU55: 1 | AV55: 1 | AW55: 1 | AX55: 1 | AY55: 1 | AZ55: 1
A61: 초안용 범례 (검은선 위쪽에 정원 등록 요망, 행 삽입/삭제 가능)
D62: Gate plan
D63: Project Manager | E63: PMO | F63: PM | G63: PM
D64: Tech Lead | E64: NPI IS | F64: System □ | G64: Leader
D65: System engineer | E65: NPI IS | F65: System □ | G65: System engineer
D66: Service engineer | E66: NPI IS | F66: System □ | G66: Service engineer
D67: Mechanical engineer | E67: NPI IS | F67: Mechanical | G67: Mechanical engineer
D68: Software engineer | E68: Control Eng. | F68: Software | G68: Software engineer
D69: SW test engineer | E69: Control Eng. | F69: Software | G69: SW test engineer
D70: Electrical engineer | E70: Control Eng. | F70: Electrical | G70: Electrical engineer

Sheet >
A1: - | B1: 정원 | D1: Resource Plan | E1: Ver. | F1: 0 | G1: Date | H1: 45840
A2: No | B2: Status | C2: Project | D2: Name | E2: Resource Department | F2: Resource Role | G2: Sub-Team | H2: G5 | I2: G6 | J2: 45833 | K2: 45863 | L2: 45894 | M2: 45925 | N2: 45955 | O2: 45986 | P2: 46016 | Q2: 45683 | R2: 45714 | S2: 45742 | T2: 45773 | U2: 45803 | V2: 45834 | W2: 45864 | X2: 45895 | Y2: 45926 | Z2: 45956 | AA2: 45987 | AB2: 46017 | AC2: 45684 | AD2: 45715 | AE2: 45743 | AF2: 45774 | AG2: 45804 | AH2: 45835 | AI2: 45865 | AJ2: 45896 | AK2: 45927 | AL2: 45957 | AM2: 45988 | AN2: 46018 | AO2: 45685 | AP2: 45716 | AQ2: 45744 | AR2: 45775 | AS2: 45805 | AT2: 45836 | AU2: 45866 | AV2: 45897 | AW2: 45928 | AX2: 45958 | AY2: 45989 | AZ2: 46019

Sheet etc. V00
A1: N/A | B1: General Support | E1: Resource Plan | F1: Ver. | G1: 0 | H1: Date | I1: 45840 | J1: SUM | K1: =SUM(K3:K1048576) -> 3 | L1: =SUM(L3:L1048576) -> 4.3 | M1: =SUM(M3:M1048576) -> 5 | N1: =SUM(N3:N1048576) -> 4.5 | O1: =SUM(O3:O1048576) -> 6 | P1: =SUM(P3:P1048576) -> 7 | Q1: =SUM(Q3:Q1048576) -> 6.5 | R1: =SUM(R3:R1048576) -> 6.5 | ... BA1: =SUM(BA3:BA1048576) -> 0
A2: No | B2: Status | C2: Project Lifecycle | D2: Project | E2: Resource Department | F2: Sub-Team | G2: Resource Role | H2: Name | I2: Start | J2: End | K2: 45833 | L2: 45863 | M2: 45894 | N2: 45925 | O2: 45955 | P2: 45986 | Q2: 46016 | R2: 45683 | S2: 45714 | T2: 45742 | U2: 45773 | V2: 45803 | W2: 45834 | X2: 45864 | Y2: 45895 | Z2: 45926 | AA2: 45956 | AB2: 45987 | AC2: 46017 | AD2: 45684 | AE2: 45715 | AF2: 45743 | AG2: 45774 | AH2: 45804 | AI2: 45835 | AJ2: 45865 | AK2: 45896 | AL2: 45927 | AM2: 45957 | AN2: 45988 | AO2: 46018 | AP2: 45685 | AQ2: 45716 | AR2: 45744 | AS2: 45775 | AT2: 45805 | AU2: 45836 | AV2: 45866 | AW2: 45897 | AX2: 45928 | AY2: 45958 | AZ2: 45989 | BA2: 46019
A3: 1 | B3: =IF($D3=0,"",VLOOKUP($D3,'Project IO'!$B:$E,3,FALSE)) -> Active | C3: =IF($D3=0,"",VLOOKUP($D3,'Project IO'!$B:$E,4,FALSE)) -> Planning | D3: Ganymede support - PCCA | E3: =IF($H3=0,"",VLOOKUP($H3,정원!$D:$G,2,FALSE)) -> NPI IS | F3: =IF($H3=0,"",VLOOKUP($H3,정원!$D:$G,3,FALSE)) -> System □ | G3: =IF($H3=0,"",VLOOKUP($H3,정원!$D:$G,4,FALSE)) -> System engineer | H3: System engineer
A4: 2 | B4: =IF($D4=0,"",VLOOKUP($D4,'Project IO'!$B:$E,3,FALSE)) -> Active | C4: =IF($D4=0,"",VLOOKUP($D4,'Project IO'!$B:$E,4,FALSE)) -> Complete | D4: R&D General - Legacy/TSG | E4: =IF($H4=0,"",VLOOKUP($H4,정원!$D:$G,2,FALSE)) -> Control Eng. | F4: =IF($H4=0,"",VLOOKUP($H4,정원!$D:$G,3,FALSE)) -> Software | G4: =IF($H4=0,"",VLOOKUP($H4,정원!$D:$G,4,FALSE)) -> Software engineer | H4: Ashley Yun | K4: 0 | L4: 0.3 | M4: 1 | N4: 1 | O4: 1 | AF4: 0.5 | AG4: 0.5 | AH4: 0.5 | AI4: 0.5 | AJ4: 0.5 | AK4: 0.5 | AL4: 0.5 | AM4: 0.5 | AN4: 0.5 | AO4: 0.5 | AP4: 0.5 | AQ4: 0.5 | AR4: 0.5 | AS4: 0.5 | AT4: 0.5 | AU4: 0.5 | AV4: 0.5
A5: 3 | B5: =IF($D5=0,"",VLOOKUP($D5,'Project IO'!$B:$E,3,FALSE)) -> Active | C5: =IF($D5=0,"",VLOOKUP($D5,'Project IO'!$B:$E,4,FALSE)) -> Complete | D5: R&D General - Legacy/TSG | E5: =IF($H5=0,"",VLOOKUP($H5,정원!$D:$G,2,FALSE)) -> Control Eng. | F5: =IF($H5=0,"",VLOOKUP($H5,정원!$D:$G,3,FALSE)) -> Software | G5: =IF($H5=0,"",VLOOKUP($H5,정원!$D:$G,4,FALSE)) -> Software engineer | H5: Rachel Bae | K5: =1-K9 -> 1 | L5: =1-L9 -> 1 | M5: =1-M9 -> 1 | N5: =1-N9 -> 1 | O5: =1-O9 -> 0.5 | P5: =1-P9 -> 0.5 | Q5: =1-Q9 -> 0.5 | R5: =1-R9 -> 0.5 | ... AE5: =1-AE9 -> 1 | AF5: 0.5 | AG5: 0.5 | AH5: 0.5 | AI5: 0.5 | AJ5: 0.5 | AK5: 0.5 | AL5: 0.5 | AM5: 0.5 | AN5: 0.5 | AO5: 0.5 | AP5: 0.5 | AQ5: 0.5 | AR5: 0.5 | AS5: 0.5 | AT5: 0.5 | AU5: 0.5 | AV5: 0.5
A6: 4 | B6: =IF($D6=0,"",VLOOKUP($D6,'Project IO'!$B:$E,3,FALSE)) -> Active | C6: =IF($D6=0,"",VLOOKUP($D6,'Project IO'!$B:$E,4,FALSE)) -> Complete | D6: R&D General - Legacy/TSG | E6: =IF($H6=0,"",VLOOKUP($H6,정원!$D:$G,2,FALSE)) -> Control Eng. | F6: =IF($H6=0,"",VLOOKUP($H6,정원!$D:$G,3,FALSE)) -> Software | G6: =IF($H6=0,"",VLOOKUP($H6,정원!$D:$G,4,FALSE)) -> SW test engineer | H6: Amelia An | K6: 1 | L6: 1 | M6: 0.9 | N6: 0.7 | O6: 0.5 | P6: 0.5 | Q6: 0.5 | R6: 0.5 | S6: 0.5 | T6: 0.5 | U6: 0.5 | V6: 0.5 | W6: 0.5 | X6: 0.5 | Y6: 0.5 | Z6: 0.5 | AA6: 0.5 | AB6: 0.5 | AC6: 0.5 | AD6: 0.5 | AE6: 0.5 | AF6: 0.5 | AG6: 0.5 | AH6: 0.5 | AI6: 0.5 | AJ6: 0.5 | AK6: 0.5 | AL6: 0.5 | AM6: 0.5 | AN6: 0.5 | AO6: 0.5 | AP6: 0.5 | AQ6: 0.5 | AR6: 0.5 | AS6: 0.5 | AT6: 0.5 | AU6: 0.5 | AV6: 0.5
A7: 5 | B7: =IF($D7=0,"",VLOOKUP($D7,'Project IO'!$B:$E,3,FALSE)) -> Active | C7: =IF($D7=0,"",VLOOKUP($D7,'Project IO'!$B:$E,4,FALSE)) -> Complete | D7: R&D General - Legacy/TSG | E7: =IF($H7=0,"",VLOOKUP($H7,정원!$D:$G,2,FALSE)) -> Control Eng. | F7: =IF($H7=0,"",VLOOKUP($H7,정원!$D:$G,3,FALSE)) -> Software | G7: =IF($H7=0,"",VLOOKUP($H7,정원!$D:$G,4,FALSE)) -> Software engineer | H7: Roy Choi | K7: 0.5 | L7: 0.5 | M7: 0.5 | N7: 0.5 | O7: 0.5 | P7: 1 | Q7: 1 | R7: 1 | S7: 1 | T7: 1 | U7: 1 | V7: 1 | W7: 0.5 | X7: 0.5 | Y7: 0.5 | Z7: 0.5 | AA7: 0.5 | AB7: 0.5 | AC7: 0.5 | AD7: 0.5 | AE7: 0.5 | AF7: 0.5 | AG7: 0.5 | AH7: 0.5 | AI7: 0.5 | AJ7: 0.5 | AK7: 0.5 | AL7: 0.5 | AM7: 0.5 | AN7: 0.5 | AO7: 0.5 | AP7: 0.5 | AQ7: 0.5 | AR7: 0.5 | AS7: 0.5 | AT7: 0.5 | AU7: 0.5 | AV7: 0.5
A8: 6 | B8: =IF($D8=0,"",VLOOKUP($D8,'Project IO'!$B:$E,3,FALSE)) -> Active | C8: =IF($D8=0,"",VLOOKUP($D8,'Project IO'!$B:$E,4,FALSE)) -> Planning | D8: Unify support | E8: =IF($H8=0,"",VLOOKUP($H8,정원!$D:$G,2,FALSE)) -> Control Eng. | F8: =IF($H8=0,"",VLOOKUP($H8,정원!$D:$G,3,FALSE)) -> Software | G8: =IF($H8=0,"",VLOOKUP($H8,정원!$D:$G,4,FALSE)) -> Leader | H8: Gerald Park | K8: 0.3 | L8: 0.3 | M8: 0.3 | N8: 0.3 | O8: 0.5 | P8: 0.5 | Q8: 0.5 | R8: 0.5 | S8: 0.5 | T8: 0.5 | U8: 0.5 | V8: 0.5 | W8: 0.3 | X8: 0.3 | Y8: 0.3 | Z8: 0.3 | AA8: 0.3 | AB8: 0.3 | AC8: 0.3 | AD8: 0.3 | AE8: 0.3 | AF8: 0.3 | AG8: 0.3 | AH8: 0.3 | AI8: 0.3 | AJ8: 0.3 | AK8: 0.3 | AL8: 0.3 | AM8: 0.3 | AN8: 0.3 | AO8: 0.3 | AP8: 0.3 | AQ8: 0.3 | AR8: 0.3 | AS8: 0.3 | AT8: 0.3 | AU8: 0.3 | AV8: 0.3
A9: 7 | B9: =IF($D9=0,"",VLOOKUP($D9,'Project IO'!$B:$E,3,FALSE)) -> Active | C9: =IF($D9=0,"",VLOOKUP($D9,'Project IO'!$B:$E,4,FALSE)) -> Planning | D9: Unify support | E9: =IF($H9=0,"",VLOOKUP($H9,정원!$D:$G,2,FALSE)) -> Control Eng. | F9: =IF($H9=0,"",VLOOKUP($H9,정원!$D:$G,3,FALSE)) -> Software | G9: =IF($H9=0,"",VLOOKUP($H9,정원!$D:$G,4,FALSE)) -> Software engineer | H9: Rachel Bae | O9: 0.5 | P9: 0.5 | Q9: 0.5 | R9: 0.5 | S9: 0.5 | T9: 0.5 | U9: 0.5 | V9: 0.5
A10: 8 | B10: =IF($D10=0,"",VLOOKUP($D10,'Project IO'!$B:$E,3,FALSE)) -> Active | C10: =IF($D10=0,"",VLOOKUP($D10,'Project IO'!$B:$E,4,FALSE)) -> Planning | D10: Unify support | E10: =IF($H10=0,"",VLOOKUP($H10,정원!$D:$G,2,FALSE)) -> Control Eng. | F10: =IF($H10=0,"",VLOOKUP($H10,정원!$D:$G,3,FALSE)) -> Software | G10: =IF($H10=0,"",VLOOKUP($H10,정원!$D:$G,4,FALSE)) -> SW test engineer | H10: Amelia An | M10: 0.1 | N10: 0.3 | O10: 0.5 | P10: 0.5 | Q10: 0.5 | R10: 0.5 | S10: 0.5 | T10: 0.5 | U10: 0.5 | V10: 0.5 | W10: 0.5 | X10: 0.5 | Y10: 0.5 | Z10: 0.5 | AA10: 0.5 | AB10: 0.5 | AC10: 0.5 | AD10: 0.5 | AE10: 0.5 | AF10: 0.5 | AG10: 0.5 | AH10: 0.5 | AI10: 0.5 | AJ10: 0.5 | AK10: 0.5 | AL10: 0.5 | AM10: 0.5 | AN10: 0.5 | AO10: 0.5 | AP10: 0.5 | AQ10: 0.5 | AR10: 0.5 | AS10: 0.5 | AT10: 0.5 | AU10: 0.5 | AV10: 0.5
A11: 9 | B11: =IF($D11=0,"",VLOOKUP($D11,'Project IO'!$B:$E,3,FALSE)) -> Active | C11: =IF($D11=0,"",VLOOKUP($D11,'Project IO'!$B:$E,4,FALSE)) -> Complete | D11: R&D General - Legacy/TSG | E11: =IF($H11=0,"",VLOOKUP($H11,정원!$D:$G,2,FALSE)) -> NPI IS | F11: =IF($H11=0,"",VLOOKUP($H11,정원!$D:$G,3,FALSE)) -> System 1 | G11: =IF($H11=0,"",VLOOKUP($H11,정원!$D:$G,4,FALSE)) -> Technician | H11: Robin Park | K11: 0.2 | L11: 0.2 | M11: 0.2 | N11: 0.2
A12: 10 | B12: =IF($D12=0,"",VLOOKUP($D12,'Project IO'!$B:$E,3,FALSE)) -> Active | C12: =IF($D12=0,"",VLOOKUP($D12,'Project IO'!$B:$E,4,FALSE)) -> Lead | D12: CatOX Alpha design | E12: =IF($H12=0,"",VLOOKUP($H12,정원!$D:$G,2,FALSE)) -> NPI IS | F12: =IF($H12=0,"",VLOOKUP($H12,정원!$D:$G,3,FALSE)) -> Mechanical | G12: =IF($H12=0,"",VLOOKUP($H12,정원!$D:$G,4,FALSE)) -> Mechanical engineer | H12: Jiny Park | L12: 1 | M12: 1 | N12: 0.5 | O12: 0.5 | P12: 0.5
A13: 11 | B13: =IF($D13=0,"",VLOOKUP($D13,'Project IO'!$B:$E,3,FALSE)) -> Cancelled | C13: =IF($D13=0,"",VLOOKUP($D13,'Project IO'!$B:$E,4,FALSE)) -> Cancelled | D13: Hermes | E13: =IF($H13=0,"",VLOOKUP($H13,정원!$D:$G,2,FALSE)) -> Control Eng. | F13: =IF($H13=0,"",VLOOKUP($H13,정원!$D:$G,3,FALSE)) -> Software | G13: =IF($H13=0,"",VLOOKUP($H13,정원!$D:$G,4,FALSE)) -> Software engineer | H13: Roy Choi
A14: 12 | B14: =IF($D14=0,"",VLOOKUP($D14,'Project IO'!$B:$E,3,FALSE)) -> Cancelled | C14: =IF($D14=0,"",VLOOKUP($D14,'Project IO'!$B:$E,4,FALSE)) -> Cancelled | D14: Hermes | E14: =IF($H14=0,"",VLOOKUP($H14,정원!$D:$G,2,FALSE)) -> Control Eng. | F14: =IF($H14=0,"",VLOOKUP($H14,정원!$D:$G,3,FALSE)) -> Software | G14: =IF($H14=0,"",VLOOKUP($H14,정원!$D:$G,4,FALSE)) -> SW test engineer | H14: Moonsu Cho
A15: 13 | B15: =IF($D15=0,"",VLOOKUP($D15,'Project IO'!$B:$E,3,FALSE)) -> Active | C15: =IF($D15=0,"",VLOOKUP($D15,'Project IO'!$B:$E,4,FALSE)) -> Active | D15: LPLN TOP 150 support | E15: =IF($H15=0,"",VLOOKUP($H15,정원!$D:$G,2,FALSE)) -> NPI IS | F15: =IF($H15=0,"",VLOOKUP($H15,정원!$D:$G,3,FALSE)) -> System 3 | G15: =IF($H15=0,"",VLOOKUP($H15,정원!$D:$G,4,FALSE)) -> Tech Lead | H15: Grace Ji | O15: 0.5 | P15: 1 | Q15: 1 | R15: 1 | S15: 1 | T15: 1 | U15: 1 | V15: 1 | W15: 1 | X15: 1 | Y15: 1 | Z15: 1 | AA15: 1 | AB15: 1 | AC15: 1
A16: 14 | B16: =IF($D16=0,"",VLOOKUP($D16,'Project IO'!$B:$E,3,FALSE)) -> Active | C16: =IF($D16=0,"",VLOOKUP($D16,'Project IO'!$B:$E,4,FALSE)) -> Active | D16: LPLN TOP 150 support | E16: =IF($H16=0,"",VLOOKUP($H16,정원!$D:$G,2,FALSE)) -> NPI IS | F16: =IF($H16=0,"",VLOOKUP($H16,정원!$D:$G,3,FALSE)) -> System 1 | G16: =IF($H16=0,"",VLOOKUP($H16,정원!$D:$G,4,FALSE)) -> System engineer | H16: Ricky Kim | O16: 0.5 | P16: 1 | Q16: 1 | R16: 1 | S16: 1 | T16: 1 | U16: 1 | V16: 1 | W16: 1 | X16: 1 | Y16: 1 | Z16: 1 | AA16: 1 | AB16: 1 | AC16: 1
A17: 15 | B17: =IF($D17=0,"",VLOOKUP($D17,'Project IO'!$B:$E,3,FALSE)) -> Active | C17: =IF($D17=0,"",VLOOKUP($D17,'Project IO'!$B:$E,4,FALSE)) -> Active | D17: LPLN TOP 150 support | E17: =IF($H17=0,"",VLOOKUP($H17,정원!$D:$G,2,FALSE)) -> NPI IS | F17: =IF($H17=0,"",VLOOKUP($H17,정원!$D:$G,3,FALSE)) -> System 1 | G17: =IF($H17=0,"",VLOOKUP($H17,정원!$D:$G,4,FALSE)) -> Service engineer | H17: Chan Hwang | O17: 0.5 | P17: 1 | Q17: 1 | R17: 1 | S17: 1 | T17: 1 | U17: 1 | V17: 1 | W17: 1 | X17: 1 | Y17: 1 | Z17: 1 | AA17: 1 | AB17: 1 | AC17: 1

Sheet Micron A&D V00
A1: Micron A&D | B1: =IF($A$1=0,"",VLOOKUP(A1,'Project IO'!$B$4:$C$101,2,FALSE)) -> 406886 | D1: 자동입력 | E1: Resource Plan | F1: Ver. | G1: 0 | H1: Date | I1: 45852 | J1: SUM | K1: =SUM(K3:K1048576) -> 12.2 | L1: =SUM(L3:L1048576) -> 11.8 | M1: =SUM(M3:M1048576) -> 12.2 | N1: =SUM(N3:N1048576) -> 6.3 | O1: =SUM(O3:O1048576) -> 4.5 | P1: =SUM(P3:P1048576) -> 4.4 | Q1: =SUM(Q3:Q1048576) -> 8.4 | R1: =SUM(R3:R1048576) -> 9.5 | ... BA1: =SUM(BA3:BA1048576) -> 0
A2: No | B2: Status | C2: Project Lifecycle | D2: Project | E2: Resource Department | F2: Sub-Team | G2: Resource Role | H2: Name | I2: G5 | J2: G6 | K2: 45833 | L2: 45863 | M2: 45894 | N2: 45925 | O2: 45955 | P2: 45986 | Q2: 46016 | R2: 45683 | S2: 45714 | T2: 45742 | U2: 45773 | V2: 45803 | W2: 45834 | X2: 45864 | Y2: 45895 | Z2: 45926 | AA2: 45956 | AB2: 45987 | AC2: 46017 | AD2: 45684 | AE2: 45715 | AF2: 45743 | AG2: 45774 | AH2: 45804 | AI2: 45835 | AJ2: 45865 | AK2: 45896 | AL2: 45927 | AM2: 45957 | AN2: 45988 | AO2: 46018 | AP2: 45685 | AQ2: 45716 | AR2: 45744 | AS2: 45775 | AT2: 45805 | AU2: 45836 | AV2: 45866 | AW2: 45897 | AX2: 45928 | AY2: 45958 | AZ2: 45989 | BA2: 46019
A3: 1 | B3: =IF($D3=0,"",VLOOKUP($D3,'Project IO'!$B:$E,3,FALSE)) -> Active | C3: =IF($D3=0,"",VLOOKUP($D3,'Project IO'!$B:$E,4,FALSE)) -> Active | D3: =$A$1 -> Micron A&D | E3: =IF($H3=0,"",VLOOKUP($H3,정원!$D:$G,2,FALSE)) -> PMO | F3: =IF($H3=0,"",VLOOKUP($H3,정원!$D:$G,3,FALSE)) -> * Manager | G3: =IF($H3=0,"",VLOOKUP($H3,정원!$D:$G,4,FALSE)) -> * Manager | H3: Jinney Lee | I3: 45742 | J3: 45742 | K3: 0.2 | L3: 0.2 | M3: 0.2 | N3: 0.2 | O3: 0.2 | P3: 0.2 | Q3: 0.2 | R3: 0.2 | S3: 0.2 | T3: 0.2 | U3: 0.2 | V3: 0.2 | W3: 0.2 | X3: 0.2
A4: 2 | B4: =IF($D4=0,"",VLOOKUP($D4,'Project IO'!$B:$E,3,FALSE)) -> Active | C4: =IF($D4=0,"",VLOOKUP($D4,'Project IO'!$B:$E,4,FALSE)) -> Active | D4: =$A$1 -> Micron A&D | E4: =IF($H4=0,"",VLOOKUP($H4,정원!$D:$G,2,FALSE)) -> PMO | F4: =IF($H4=0,"",VLOOKUP($H4,정원!$D:$G,3,FALSE)) -> PM | G4: =IF($H4=0,"",VLOOKUP($H4,정원!$D:$G,4,FALSE)) -> PM | H4: Eugene Lee | I4: 45742 | J4: 45742 | K4: 0.9 | L4: 0.9 | M4: 0.9 | N4: 0.9 | O4: 0.9 | P4: 0.1 | Q4: 0.9 | R4: 0.9 | S4: 0.9 | T4: 0.9 | U4: 0.9 | V4: 0.9 | W4: 0.9 | X4: 0.9
A5: 3 | B5: =IF($D5=0,"",VLOOKUP($D5,'Project IO'!$B:$E,3,FALSE)) -> Active | C5: =IF($D5=0,"",VLOOKUP($D5,'Project IO'!$B:$E,4,FALSE)) -> Active | D5: =$A$1 -> Micron A&D | E5: =IF($H5=0,"",VLOOKUP($H5,정원!$D:$G,2,FALSE)) -> NPI IS | F5: =IF($H5=0,"",VLOOKUP($H5,정원!$D:$G,3,FALSE)) -> * Manager | G5: =IF($H5=0,"",VLOOKUP($H5,정원!$D:$G,4,FALSE)) -> * Manager | H5: Dorothy Noh | I5: 45742 | J5: 45742 | K5: 0.2 | L5: 0.2 | M5: 0.2 | N5: 0.1 | O5: 0.1 | P5: 0.1 | Q5: 0.1 | R5: 0.2 | S5: 0.2 | T5: 0.2 | U5: 0.2 | V5: 0.2 | W5: 0.2 | X5: 0.2
A6: 4 | B6: =IF($D6=0,"",VLOOKUP($D6,'Project IO'!$B:$E,3,FALSE)) -> Active | C6: =IF($D6=0,"",VLOOKUP($D6,'Project IO'!$B:$E,4,FALSE)) -> Active | D6: =$A$1 -> Micron A&D | E6: =IF($H6=0,"",VLOOKUP($H6,정원!$D:$G,2,FALSE)) -> NPI IS | F6: =IF($H6=0,"",VLOOKUP($H6,정원!$D:$G,3,FALSE)) -> Mechanical | G6: =IF($H6=0,"",VLOOKUP($H6,정원!$D:$G,4,FALSE)) -> Leader | H6: Jeremy Park | I6: 45742 | J6: 45742 | K6: 0.2 | L6: 0.3 | M6: 0.3 | N6: 0.3 | O6: 0.3 | P6: 0.3 | Q6: 0.3 | R6: 0.3 | S6: 0.3 | T6: 0.3 | U6: 0.3 | V6: 0.3 | W6: 0.3 | X6: 0.3
A7: 5 | B7: =IF($D7=0,"",VLOOKUP($D7,'Project IO'!$B:$E,3,FALSE)) -> Active | C7: =IF($D7=0,"",VLOOKUP($D7,'Project IO'!$B:$E,4,FALSE)) -> Active | D7: =$A$1 -> Micron A&D | E7: =IF($H7=0,"",VLOOKUP($H7,정원!$D:$G,2,FALSE)) -> NPI IS | F7: =IF($H7=0,"",VLOOKUP($H7,정원!$D:$G,3,FALSE)) -> Mechanical | G7: =IF($H7=0,"",VLOOKUP($H7,정원!$D:$G,4,FALSE)) -> Mechanical engineer | H7: Derek Cho | I7: 45742 | J7: 45742 | K7: 1 | L7: 1 | M7: 1 | N7: 0.5 | Q7: 1 | R7: 1 | S7: 1 | T7: 1 | U7: 1 | V7: 1 | W7: 1 | X7: 1
A8: 6 | B8: =IF($D8=0,"",VLOOKUP($D8,'Project IO'!$B:$E,3,FALSE)) -> Active | C8: =IF($D8=0,"",VLOOKUP($D8,'Project IO'!$B:$E,4,FALSE)) -> Active | D8: =$A$1 -> Micron A&D | E8: =IF($H8=0,"",VLOOKUP($H8,정원!$D:$G,2,FALSE)) -> NPI IS | F8: =IF($H8=0,"",VLOOKUP($H8,정원!$D:$G,3,FALSE)) -> Mechanical | G8: =IF($H8=0,"",VLOOKUP($H8,정원!$D:$G,4,FALSE)) -> Mechanical engineer | H8: Jiny Park | I8: 45742 | J8: 45742 | K8: 0.5 | N8: 0.5 | S8: 0.5 | T8: 0.5
A9: 7 | B9: =IF($D9=0,"",VLOOKUP($D9,'Project IO'!$B:$E,3,FALSE)) -> Active | C9: =IF($D9=0,"",VLOOKUP($D9,'Project IO'!$B:$E,4,FALSE)) -> Active | D9: =$A$1 -> Micron A&D | E9: =IF($H9=0,"",VLOOKUP($H9,정원!$D:$G,2,FALSE)) -> NPI IS | F9: =IF($H9=0,"",VLOOKUP($H9,정원!$D:$G,3,FALSE)) -> Mechanical | G9: =IF($H9=0,"",VLOOKUP($H9,정원!$D:$G,4,FALSE)) -> Mechanical engineer | H9: Jayden Lee | I9: 45742 | J9: 45742 | M9: 1 | N9: 0.2 | Q9: 1 | R9: 0.5 | S9: 0.5 | T9: 0.5
A10: 8 | B10: =IF($D10=0,"",VLOOKUP($D10,'Project IO'!$B:$E,3,FALSE)) -> Active | C10: =IF($D10=0,"",VLOOKUP($D10,'Project IO'!$B:$E,4,FALSE)) -> Active | D10: =$A$1 -> Micron A&D | E10: =IF($H10=0,"",VLOOKUP($H10,정원!$D:$G,2,FALSE)) -> NPI IS | F10: =IF($H10=0,"",VLOOKUP($H10,정원!$D:$G,3,FALSE)) -> System 2 | G10: =IF($H10=0,"",VLOOKUP($H10,정원!$D:$G,4,FALSE)) -> Tech Lead | H10: Chad Seo | I10: 45742 | J10: 45742 | K10: 0.9 | L10: 0.9 | M10: 0.9 | Q10: 0.5 | R10: 1 | S10: 1 | T10: 1 | U10: 1 | V10: 1 | W10: 1 | X10: 1
A11: 9 | B11: =IF($D11=0,"",VLOOKUP($D11,'Project IO'!$B:$E,3,FALSE)) -> Active | C11: =IF($D11=0,"",VLOOKUP($D11,'Project IO'!$B:$E,4,FALSE)) -> Active | D11: =$A$1 -> Micron A&D | E11: =IF($H11=0,"",VLOOKUP($H11,정원!$D:$G,2,FALSE)) -> NPI IS | F11: =IF($H11=0,"",VLOOKUP($H11,정원!$D:$G,3,FALSE)) -> System 2 | G11: =IF($H11=0,"",VLOOKUP($H11,정원!$D:$G,4,FALSE)) -> Tech Lead | H11: Emma Kim | I11: 45742 | J11: 45742 | K11: 1 | L11: 1 | M11: 1 | N11: 0.7 | O11: 0.1 | P11: 0.1
A12: 10 | B12: =IF($D12=0,"",VLOOKUP($D12,'Project IO'!$B:$E,3,FALSE)) -> Active | C12: =IF($D12=0,"",VLOOKUP($D12,'Project IO'!$B:$E,4,FALSE)) -> Active | D12: =$A$1 -> Micron A&D | E12: =IF($H12=0,"",VLOOKUP($H12,정원!$D:$G,2,FALSE)) -> NPI IS | F12: =IF($H12=0,"",VLOOKUP($H12,정원!$D:$G,3,FALSE)) -> System 2 | G12: =IF($H12=0,"",VLOOKUP($H12,정원!$D:$G,4,FALSE)) -> System engineer | H12: Jess Kim | I12: 45742 | J12: 45742 | K12: 1 | L12: 1 | M12: 1 | N12: 0.5 | O12: 0.5 | P12: 0.5 | Q12: 1 | R12: 1 | S12: 1 | T12: 1 | U12: 1 | V12: 1 | W12: 1 | X12: 1
A13: 11 | B13: =IF($D13=0,"",VLOOKUP($D13,'Project IO'!$B:$E,3,FALSE)) -> Active | C13: =IF($D13=0,"",VLOOKUP($D13,'Project IO'!$B:$E,4,FALSE)) -> Active | D13: =$A$1 -> Micron A&D | E13: =IF($H13=0,"",VLOOKUP($H13,정원!$D:$G,2,FALSE)) -> NPI IS | F13: =IF($H13=0,"",VLOOKUP($H13,정원!$D:$G,3,FALSE)) -> System 3 | G13: =IF($H13=0,"",VLOOKUP($H13,정원!$D:$G,4,FALSE)) -> System engineer | H13: Tred Park | I13: 45742 | J13: 45742 | K13: 1 | L13: 1 | M13: 1 | R13: 1 | S13: 1 | T13: 1 | U13: 1 | V13: 1 | W13: 1 | X13: 1
A14: 12 | B14: =IF($D14=0,"",VLOOKUP($D14,'Project IO'!$B:$E,3,FALSE)) -> Active | C14: =IF($D14=0,"",VLOOKUP($D14,'Project IO'!$B:$E,4,FALSE)) -> Active | D14: =$A$1 -> Micron A&D | E14: =IF($H14=0,"",VLOOKUP($H14,정원!$D:$G,2,FALSE)) -> NPI IS | F14: =IF($H14=0,"",VLOOKUP($H14,정원!$D:$G,3,FALSE)) -> System 2 | G14: =IF($H14=0,"",VLOOKUP($H14,정원!$D:$G,4,FALSE)) -> System engineer | H14: Stella Lim | I14: 45742 | J14: 45742 | K14: 1 | L14: 1 | M14: 1 | N14: 1 | O14: 1 | P14: 1 | Q14: 1
A15: 13 | B15: =IF($D15=0,"",VLOOKUP($D15,'Project IO'!$B:$E,3,FALSE)) -> Active | C15: =IF($D15=0,"",VLOOKUP($D15,'Project IO'!$B:$E,4,FALSE)) -> Active | D15: =$A$1 -> Micron A&D | E15: =IF($H15=0,"",VLOOKUP($H15,정원!$D:$G,2,FALSE)) -> NPI IS | F15: =IF($H15=0,"",VLOOKUP($H15,정원!$D:$G,3,FALSE)) -> System 2 | G15: =IF($H15=0,"",VLOOKUP($H15,정원!$D:$G,4,FALSE)) -> Service engineer | H15: Sophie Kim | I15: 45742 | J15: 45742 | K15: 1 | L15: 1 | M15: 1 | P15: 0.5
A16: 14 | B16: =IF($D16=0,"",VLOOKUP($D16,'Project IO'!$B:$E,3,FALSE)) -> Active | C16: =IF($D16=0,"",VLOOKUP($D16,'Project IO'!$B:$E,4,FALSE)) -> Active | D16: =$A$1 -> Micron A&D | E16: =IF($H16=0,"",VLOOKUP($H16,정원!$D:$G,2,FALSE)) -> Engineering | F16: =IF($H16=0,"",VLOOKUP($H16,정원!$D:$G,3,FALSE)) -> * Manager | G16: =IF($H16=0,"",VLOOKUP($H16,정원!$D:$G,4,FALSE)) -> * Eng Manager | H16: JiYoung Son | I16: 45742 | J16: 45742 | K16: 0.1 | L16: 0.1 | M16: 0.1 | N16: 0.1 | O16: 0.1 | P16: 0.1 | Q16: 0.1 | R16: 0.1 | S16: 0.1 | T16: 0.1 | U16: 0.1 | V16: 0.1 | W16: 0.1 | X16: 0.1
A17: 15 | B17: =IF($D17=0,"",VLOOKUP($D17,'Project IO'!$B:$E,3,FALSE)) -> Active | C17: =IF($D17=0,"",VLOOKUP($D17,'Project IO'!$B:$E,4,FALSE)) -> Active | D17: =$A$1 -> Micron A&D | E17: =IF($H17=0,"",VLOOKUP($H17,정원!$D:$G,2,FALSE)) -> Control Eng. | F17: =IF($H17=0,"",VLOOKUP($H17,정원!$D:$G,3,FALSE)) -> * Manager | G17: =IF($H17=0,"",VLOOKUP($H17,정원!$D:$G,4,FALSE)) -> * Manager | H17: Mogen Seo | I17: 45742 | J17: 45742 | K17: 0.1 | L17: 0.1 | M17: 0.1 | N17: 0.1 | O17: 0.1 | P17: 0.1 | Q17: 0.1 | R17: 0.1 | S17: 0.1 | T17: 0.1 | U17: 0.1 | V17: 0.1 | W17: 0.1 | X17: 0.1
A18: 16 | B18: =IF($D18=0,"",VLOOKUP($D18,'Project IO'!$B:$E,3,FALSE)) -> Active | C18: =IF($D18=0,"",VLOOKUP($D18,'Project IO'!$B:$E,4,FALSE)) -> Active | D18: =$A$1 -> Micron A&D | E18: =IF($H18=0,"",VLOOKUP($H18,정원!$D:$G,2,FALSE)) -> Control Eng. | F18: =IF($H18=0,"",VLOOKUP($H18,정원!$D:$G,3,FALSE)) -> Electrical | G18: =IF($H18=0,"",VLOOKUP($H18,정원!$D:$G,4,FALSE)) -> Leader | H18: Joshua Im | I18: 45742 | J18: 45742 | K18: 0.3 | L18: 0.3 | M18: 0.3 | Q18: 0.3 | R18: 0.3 | S18: 0.3 | T18: 0.3 | U18: 0.3 | V18: 0.3 | W18: 0.3 | X18: 0.3
A19: 17 | B19: =IF($D19=0,"",VLOOKUP($D19,'Project IO'!$B:$E,3,FALSE)) -> Active | C19: =IF($D19=0,"",VLOOKUP($D19,'Project IO'!$B:$E,4,FALSE)) -> Active | D19: =$A$1 -> Micron A&D | E19: =IF($H19=0,"",VLOOKUP($H19,정원!$D:$G,2,FALSE)) -> Control Eng. | F19: =IF($H19=0,"",VLOOKUP($H19,정원!$D:$G,3,FALSE)) -> Electrical | G19: =IF($H19=0,"",VLOOKUP($H19,정원!$D:$G,4,FALSE)) -> Electrical engineer | H19: Dean Choi | I19: 45742 | J19: 45742 | K19: 1 | L19: 1 | M19: 1 | Q19: 1 | R19: 1 | S19: 1 | T19: 1 | U19: 1 | V19: 1 | W19: 1 | X19: 1
A20: 18 | B20: =IF($D20=0,"",VLOOKUP($D20,'Project IO'!$B:$E,3,FALSE)) -> Active | C20: =IF($D20=0,"",VLOOKUP($D20,'Project IO'!$B:$E,4,FALSE)) -> Active | D20: =$A$1 -> Micron A&D | E20: =IF($H20=0,"",VLOOKUP($H20,정원!$D:$G,2,FALSE)) -> Control Eng. | F20: =IF($H20=0,"",VLOOKUP($H20,정원!$D:$G,3,FALSE)) -> Software | G20: =IF($H20=0,"",VLOOKUP($H20,정원!$D:$G,4,FALSE)) -> Leader | H20: Gerald Park | I20: 45742 | J20: 45742 | K20: 0.3 | L20: 0.3 | M20: 0.2 | N20: 0.2 | O20: 0.2 | P20: 0.2 | Q20: 0.2 | R20: 0.2 | S20: 0.2 | T20: 0.2 | U20: 0.2 | V20: 0.2 | W20: 0.2 | X20: 0.2
A21: 19 | B21: =IF($D21=0,"",VLOOKUP($D21,'Project IO'!$B:$E,3,FALSE)) -> Active | C21: =IF($D21=0,"",VLOOKUP($D21,'Project IO'!$B:$E,4,FALSE)) -> Active | D21: =$A$1 -> Micron A&D | E21: =IF($H21=0,"",VLOOKUP($H21,정원!$D:$G,2,FALSE)) -> Control Eng. | F21: =IF($H21=0,"",VLOOKUP($H21,정원!$D:$G,3,FALSE)) -> Software | G21: =IF($H21=0,"",VLOOKUP($H21,정원!$D:$G,4,FALSE)) -> Software engineer | H21: Software engineer | I21: 45742 | J21: 45742 | K21: 1 | L21: 1 | M21: 0.5 | N21: 0.5 | O21: 0.5 | P21: 0.2 | Q21: 0.2 | R21: 0.2 | S21: 0.2 | T21: 0.2 | U21: 0.2 | V21: 0.2 | W21: 0.2 | X21: 0.2
A22: 20 | B22: =IF($D22=0,"",VLOOKUP($D22,'Project IO'!$B:$E,3,FALSE)) -> Active | C22: =IF($D22=0,"",VLOOKUP($D22,'Project IO'!$B:$E,4,FALSE)) -> Active | D22: =$A$1 -> Micron A&D | E22: =IF($H22=0,"",VLOOKUP($H22,정원!$D:$G,2,FALSE)) -> Control Eng. | F22: =IF($H22=0,"",VLOOKUP($H22,정원!$D:$G,3,FALSE)) -> Software | G22: =IF($H22=0,"",VLOOKUP($H22,정원!$D:$G,4,FALSE)) -> SW test engineer | H22: Moonsu Cho | I22: 45742 | J22: 45742 | K22: 0.5 | L22: 0.5 | M22: 0.5 | N22: 0.5 | O22: 0.5 | P22: 0.5 | Q22: 0.5 | R22: 0.5 | S22: 0.5 | T22: 0.5 | U22: 0.5 | V22: 0.5 | W22: 0.5 | X22: 0.5
A23: 21 | B23: =IF($D23=0,"",VLOOKUP($D23,'Project IO'!$B:$E,3,FALSE)) -> Active | C23: =IF($D23=0,"",VLOOKUP($D23,'Project IO'!$B:$E,4,FALSE)) -> Active | D23: =$A$1 -> Micron A&D | E23: =IF($H23=0,"",VLOOKUP($H23,정원!$D:$G,2,FALSE)) -> NPI IS | F23: =IF($H23=0,"",VLOOKUP($H23,정원!$D:$G,3,FALSE)) -> System 1 | G23: =IF($H23=0,"",VLOOKUP($H23,정원!$D:$G,4,FALSE)) -> System engineer | H23: Chloe Jeong | I23: 45742 | J23: 45742 | R23: 1 | S23: 1 | T23: 1 | U23: 1 | V23: 1 | W23: 1 | X23: 1
A24: 22 | B24: =IF($D24=0,"",VLOOKUP($D24,'Project IO'!$B:$E,3,FALSE)) -> Active | C24: =IF($D24=0,"",VLOOKUP($D24,'Project IO'!$B:$E,4,FALSE)) -> Active | D24: =$A$1 -> Micron A&D | E24: =IF($H24=0,"",VLOOKUP($H24,정원!$D:$G,2,FALSE)) -> NPI IS | F24: =IF($H24=0,"",VLOOKUP($H24,정원!$D:$G,3,FALSE)) -> System 2 | G24: =IF($H24=0,"",VLOOKUP($H24,정원!$D:$G,4,FALSE)) -> System engineer | H24: Kevin Ko | I24: 45742 | J24: 45742 | P24: 0.5
A25: 23 | B25: =IF($D25=0,"",VLOOKUP($D25,'Project IO'!$B:$E,3,FALSE)) -> Active | C25: =IF($D25=0,"",VLOOKUP($D25,'Project IO'!$B:$E,4,FALSE)) -> Active | D25: =$A$1 -> Micron A&D | E25: =IF($H25=0,"",VLOOKUP($H25,정원!$D:$G,2,FALSE)) -> 0 | F25: =IF($H25=0,"",VLOOKUP($H25,정원!$D:$G,3,FALSE)) -> 0 | G25: =IF($H25=0,"",VLOOKUP($H25,정원!$D:$G,4,FALSE)) -> 0 | H25: Gate Plan | I25: 45742 | J25: 45742 | L25: Update | T25: G5 | X25: G6

Sheet Tumalo Ph2 V00
A1: Tumalo Ph2 | B1: =IF($A$1=0,"",VLOOKUP(A1,'Project IO'!$B$4:$C$101,2,FALSE)) -> 407039 | D1: 자동입력 | E1: Resource Plan | F1: Ver. | G1: 0 | H1: Date | I1: 45852 | J1: SUM | K1: =SUM(K3:K1048576) -> 0 | L1: =SUM(L3:L1048576) -> 5.1 | M1: =SUM(M3:M1048576) -> 7.6 | N1: =SUM(N3:N1048576) -> 9.7 | O1: =SUM(O3:O1048576) -> 9.9 | P1: =SUM(P3:P1048576) -> 9.6 | Q1: =SUM(Q3:Q1048576) -> 9.6 | R1: =SUM(R3:R1048576) -> 12.4 | ... BA1: =SUM(BA3:BA1048576) -> 0
A2: No | B2: Status | C2: Project Lifecycle | D2: Project | E2: Resource Department | F2: Sub-Team | G2: Resource Role | H2: Name | I2: G5 | J2: G6 | K2: 45833 | L2: 45863 | M2: 45894 | N2: 45925 | O2: 45955 | P2: 45986 | Q2: 46016 | R2: 45683 | S2: 45714 | T2: 45742 | U2: 45773 | V2: 45803 | W2: 45834 | X2: 45864 | Y2: 45895 | Z2: 45926 | AA2: 45956 | AB2: 45987 | AC2: 46017 | AD2: 45684 | AE2: 45715 | AF2: 45743 | AG2: 45774 | AH2: 45804 | AI2: 45835 | AJ2: 45865 | AK2: 45896 | AL2: 45927 | AM2: 45957 | AN2: 45988 | AO2: 46018 | AP2: 45685 | AQ2: 45716 | AR2: 45744 | AS2: 45775 | AT2: 45805 | AU2: 45836 | AV2: 45866 | AW2: 45897 | AX2: 45928 | AY2: 45958 | AZ2: 45989 | BA2: 46019
A3: 1 | B3: =IF($D3=0,"",VLOOKUP($D3,'Project IO'!$B:$E,3,FALSE)) -> Active | C3: =IF($D3=0,"",VLOOKUP($D3,'Project IO'!$B:$E,4,FALSE)) -> Active | D3: =$A$1 -> Tumalo Ph2 | E3: =IF($H3=0,"",VLOOKUP($H3,정원!$D:$G,2,FALSE)) -> Engineering | F3: =IF($H3=0,"",VLOOKUP($H3,정원!$D:$G,3,FALSE)) -> * Manager | G3: =IF($H3=0,"",VLOOKUP($H3,정원!$D:$G,4,FALSE)) -> * Eng Manager | H3: Jiyoung Son | I3: 46113 | J3: =I3+180 -> 46293 | R3: 0.1 | S3: 0.1 | T3: 0.1 | U3: 0.1 | V3: 0.1 | W3: 0.1 | X3: 0.1 | Y3: 0.1 | Z3: 0.1 | AA3: 0.1 | AB3: 0.1 | AC3: 0.1 | AD3: 0.1 | AE3: 0.1 | AF3: 0.1 | AG3: 0.1 | AH3: 0.1 | AI3: 0.1 | AJ3: 0.1 | AK3: 0.1 | AL3: 0.1
A4: 2 | B4: =IF($D4=0,"",VLOOKUP($D4,'Project IO'!$B:$E,3,FALSE)) -> Active | C4: =IF($D4=0,"",VLOOKUP($D4,'Project IO'!$B:$E,4,FALSE)) -> Active | D4: =$A$1 -> Tumalo Ph2 | E4: =IF($H4=0,"",VLOOKUP($H4,정원!$D:$G,2,FALSE)) -> PMO | F4: =IF($H4=0,"",VLOOKUP($H4,정원!$D:$G,3,FALSE)) -> * Manager | G4: =IF($H4=0,"",VLOOKUP($H4,정원!$D:$G,4,FALSE)) -> * Manager | H4: Jinney Lee | I4: 46113 | J4: =I4+180 -> 46293 | L4: 0.3 | M4: 0.3 | N4: 0.3 | O4: 0.3 | P4: 0.3 | Q4: 0.3 | R4: 0.3 | S4: 0.3 | T4: 0.3 | U4: 0.3 | V4: 0.3 | W4: 0.3 | X4: 0.3 | Y4: 0.3 | Z4: 0.3 | AA4: 0.3 | AB4: 0.3 | AC4: 0.3 | AD4: 0.2 | AE4: 0.2 | AF4: 0.2 | AG4: 0.2 | AH4: 0.1 | AI4: 0.1 | AJ4: 0.1 | AK4: 0.1 | AL4: 0.1
A5: 3 | B5: =IF($D5=0,"",VLOOKUP($D5,'Project IO'!$B:$E,3,FALSE)) -> Active | C5: =IF($D5=0,"",VLOOKUP($D5,'Project IO'!$B:$E,4,FALSE)) -> Active | D5: =$A$1 -> Tumalo Ph2 | E5: =IF($H5=0,"",VLOOKUP($H5,정원!$D:$G,2,FALSE)) -> PMO | F5: =IF($H5=0,"",VLOOKUP($H5,정원!$D:$G,3,FALSE)) -> PM | G5: =IF($H5=0,"",VLOOKUP($H5,정원!$D:$G,4,FALSE)) -> PM | H5: Evan Lee | I5: 46113 | J5: =I5+180 -> 46293 | L5: 0.5 | M5: 0.5 | N5: 0.8 | O5: 0.8 | P5: 1 | Q5: 1 | R5: 1 | S5: 1 | T5: 1 | U5: 1 | V5: 1 | W5: 1 | X5: 1 | Y5: 1 | Z5: 1 | AA5: 1 | AB5: 1 | AC5: 1 | AD5: 1 | AE5: 1 | AF5: 1 | AG5: 1 | AH5: 0.5 | AI5: 0.5 | AJ5: 0.5 | AK5: 0.5 | AL5: 0.5
A6: 4 | B6: =IF($D6=0,"",VLOOKUP($D6,'Project IO'!$B:$E,3,FALSE)) -> Active | C6: =IF($D6=0,"",VLOOKUP($D6,'Project IO'!$B:$E,4,FALSE)) -> Active | D6: =$A$1 -> Tumalo Ph2 | E6: =IF($H6=0,"",VLOOKUP($H6,정원!$D:$G,2,FALSE)) -> NPI IS | F6: =IF($H6=0,"",VLOOKUP($H6,정원!$D:$G,3,FALSE)) -> * Manager | G6: =IF($H6=0,"",VLOOKUP($H6,정원!$D:$G,4,FALSE)) -> * Manager | H6: Dorothy Noh | I6: 46478 | J6: =I6+180 -> 46658 | L6: 0.3 | M6: 0.3 | N6: 0.3 | O6: 0.3 | P6: 0.3 | Q6: 0.3 | R6: 0.3 | S6: 0.3 | T6: 0.3 | U6: 0.3 | V6: 0.3 | W6: 0.3 | X6: 0.3 | Y6: 0.3 | Z6: 0.3 | AA6: 0.3 | AB6: 0.3 | AC6: 0.3 | AD6: 0.3 | AE6: 0.3 | AF6: 0.3 | AG6: 0.3 | AH6: 0.2 | AI6: 0.2 | AJ6: 0.2 | AK6: 0.2 | AL6: 0.2
A7: 5 | B7: =IF($D7=0,"",VLOOKUP($D7,'Project IO'!$B:$E,3,FALSE)) -> Active | C7: =IF($D7=0,"",VLOOKUP($D7,'Project IO'!$B:$E,4,FALSE)) -> Active | D7: =$A$1 -> Tumalo Ph2 | E7: =IF($H7=0,"",VLOOKUP($H7,정원!$D:$G,2,FALSE)) -> NPI IS | F7: =IF($H7=0,"",VLOOKUP($H7,정원!$D:$G,3,FALSE)) -> System 3 | G7: =IF($H7=0,"",VLOOKUP($H7,정원!$D:$G,4,FALSE)) -> Tech Lead | H7: Jacob Lee | I7: 46478 | J7: =I7+180 -> 46658 | N7: 0.4 | O7: 0.4 | P7: 0.4 | Q7: 0.4 | R7: 0.4 | S7: 0.4 | T7: 0.5 | U7: 0.5 | V7: 0.5 | W7: 0.5 | X7: 0.5 | Y7: 0.5 | Z7: 0.5 | AA7: 0.5 | AB7: 0.5 | AC7: 0.5 | AD7: 0.5 | AE7: 0.5 | AF7: 0.5 | AG7: 0.5 | AH7: 0.5 | AI7: 0.5 | AJ7: 0.5 | AK7: 0.5 | AL7: 0.5
A8: 6 | B8: =IF($D8=0,"",VLOOKUP($D8,'Project IO'!$B:$E,3,FALSE)) -> Active | C8: =IF($D8=0,"",VLOOKUP($D8,'Project IO'!$B:$E,4,FALSE)) -> Active | D8: =$A$1 -> Tumalo Ph2 | E8: =IF($H8=0,"",VLOOKUP($H8,정원!$D:$G,2,FALSE)) -> NPI IS | F8: =IF($H8=0,"",VLOOKUP($H8,정원!$D:$G,3,FALSE)) -> System 3 | G8: =IF($H8=0,"",VLOOKUP($H8,정원!$D:$G,4,FALSE)) -> Tech Lead | H8: William Lee | I8: 46478 | J8: =I8+180 -> 46658 | L8: 0.9 | M8: 0.9 | N8: 0.9 | O8: 0.9 | P8: 0.9 | Q8: 0.9 | R8: 0.9 | S8: 0.9 | T8: 0.9 | U8: 1 | V8: 1 | W8: 1 | X8: 1 | Y8: 1 | Z8: 1 | AA8: 1 | AB8: 1 | AC8: 1 | AD8: 1 | AE8: 1 | AF8: 1 | AG8: 1 | AH8: 1 | AI8: 1 | AJ8: 1 | AK8: 1 | AL8: 1
A9: 7 | B9: =IF($D9=0,"",VLOOKUP($D9,'Project IO'!$B:$E,3,FALSE)) -> Active | C9: =IF($D9=0,"",VLOOKUP($D9,'Project IO'!$B:$E,4,FALSE)) -> Active | D9: =$A$1 -> Tumalo Ph2 | E9: =IF($H9=0,"",VLOOKUP($H9,정원!$D:$G,2,FALSE)) -> NPI IS | F9: =IF($H9=0,"",VLOOKUP($H9,정원!$D:$G,3,FALSE)) -> System 2 | G9: =IF($H9=0,"",VLOOKUP($H9,정원!$D:$G,4,FALSE)) -> System engineer | H9: Harry Kwak | I9: 46478 | J9: =I9+180 -> 46658 | M9: 0.4 | N9: 0.4 | Q9: 0.4 | R9: 0.5 | S9: 0.5 | T9: 0.5 | U9: 0.5 | V9: 0.5 | W9: 0.5 | X9: 0.5 | Y9: 0.5 | Z9: 0.5 | AA9: 0.5 | AB9: 0.5 | AC9: 0.5 | AD9: 1 | AE9: 1 | AF9: 1 | AG9: 1 | AH9: 1 | AI9: 1 | AJ9: 1 | AK9: 1 | AL9: 1
A10: 8 | B10: =IF($D10=0,"",VLOOKUP($D10,'Project IO'!$B:$E,3,FALSE)) -> Active | C10: =IF($D10=0,"",VLOOKUP($D10,'Project IO'!$B:$E,4,FALSE)) -> Active | D10: =$A$1 -> Tumalo Ph2 | E10: =IF($H10=0,"",VLOOKUP($H10,정원!$D:$G,2,FALSE)) -> NPI IS | F10: =IF($H10=0,"",VLOOKUP($H10,정원!$D:$G,3,FALSE)) -> System 3 | G10: =IF($H10=0,"",VLOOKUP($H10,정원!$D:$G,4,FALSE)) -> System engineer | H10: Noah Yeom | I10: 46478 | J10: =I10+180 -> 46658 | M10: 0.4 | N10: 0.4 | O10: 0.4 | P10: 0.4 | Q10: 0.4 | R10: 0.4 | S10: 0.4 | T10: 0.4 | U10: 0.4 | V10: 0.4 | W10: 0.4 | X10: 0.4
A11: 9 | B11: =IF($D11=0,"",VLOOKUP($D11,'Project IO'!$B:$E,3,FALSE)) -> Active | C11: =IF($D11=0,"",VLOOKUP($D11,'Project IO'!$B:$E,4,FALSE)) -> Active | D11: =$A$1 -> Tumalo Ph2 | E11: =IF($H11=0,"",VLOOKUP($H11,정원!$D:$G,2,FALSE)) -> NPI IS | F11: =IF($H11=0,"",VLOOKUP($H11,정원!$D:$G,3,FALSE)) -> System 3 | G11: =IF($H11=0,"",VLOOKUP($H11,정원!$D:$G,4,FALSE)) -> System engineer | H11: Alyssa Park | I11: 46478 | J11: =I11+180 -> 46658 | M11: 0.4 | N11: 0.4 | O11: 0.4 | P11: 0.4 | Q11: 0.4 | R11: 0.4 | S11: 0.4 | T11: 0.4 | U11: 0.4 | V11: 0.4 | W11: 0.4 | X11: 0.4
A12: 10 | B12: =IF($D12=0,"",VLOOKUP($D12,'Project IO'!$B:$E,3,FALSE)) -> Active | C12: =IF($D12=0,"",VLOOKUP($D12,'Project IO'!$B:$E,4,FALSE)) -> Active | D12: =$A$1 -> Tumalo Ph2 | E12: =IF($H12=0,"",VLOOKUP($H12,정원!$D:$G,2,FALSE)) -> NPI IS | F12: =IF($H12=0,"",VLOOKUP($H12,정원!$D:$G,3,FALSE)) -> System 1 | G12: =IF($H12=0,"",VLOOKUP($H12,정원!$D:$G,4,FALSE)) -> System engineer | H12: Anders You | I12: 46478 | J12: =I12+180 -> 46658 | N12: 0.5 | O12: 0.5 | P12: 0.5 | Q12: 0.5 | R12: 0.5 | S12: 0.5 | T12: 0.5 | U12: 0.5 | V12: 0.5 | W12: 0.5 | X12: 0.5 | Y12: 1 | Z12: 1 | AA12: 1 | AB12: 1 | AC12: 1 | AD12: 1 | AE12: 1 | AF12: 1 | AG12: 1 | AH12: 1 | AI12: 1 | AJ12: 1 | AK12: 1 | AL12: 1
A13: 11 | B13: =IF($D13=0,"",VLOOKUP($D13,'Project IO'!$B:$E,3,FALSE)) -> Active | C13: =IF($D13=0,"",VLOOKUP($D13,'Project IO'!$B:$E,4,FALSE)) -> Active | D13: =$A$1 -> Tumalo Ph2 | E13: =IF($H13=0,"",VLOOKUP($H13,정원!$D:$G,2,FALSE)) -> NPI IS | F13: =IF($H13=0,"",VLOOKUP($H13,정원!$D:$G,3,FALSE)) -> System 3 | G13: =IF($H13=0,"",VLOOKUP($H13,정원!$D:$G,4,FALSE)) -> Service engineer | H13: Fred Lee | I13: 46478 | J13: =I13+180 -> 46658 | M13: 0.4 | N13: 0.4 | O13: 0.4 | P13: 0.4 | Q13: 0.4 | R13: 0.4 | S13: 0.4 | T13: 0.4 | U13: 0.4 | V13: 0.4 | W13: 0.4 | X13: 0.4 | Y13: 1 | Z13: 1 | AA13: 1 | AB13: 1 | AC13: 1 | AD13: 1 | AE13: 1 | AF13: 1 | AG13: 1 | AH13: 1 | AI13: 1 | AJ13: 1 | AK13: 1 | AL13: 1
A14: 12 | B14: =IF($D14=0,"",VLOOKUP($D14,'Project IO'!$B:$E,3,FALSE)) -> Active | C14: =IF($D14=0,"",VLOOKUP($D14,'Project IO'!$B:$E,4,FALSE)) -> Active | D14: =$A$1 -> Tumalo Ph2 | E14: =IF($H14=0,"",VLOOKUP($H14,정원!$D:$G,2,FALSE)) -> NPI IS | F14: =IF($H14=0,"",VLOOKUP($H14,정원!$D:$G,3,FALSE)) -> System 1 | G14: =IF($H14=0,"",VLOOKUP($H14,정원!$D:$G,4,FALSE)) -> Service engineer | H14: Chan Hwang | I14: 46478 | J14: =I14+180 -> 46658 | M14: 0.4 | N14: 0.4 | O14: 0.5
A15: 13 | B15: =IF($D15=0,"",VLOOKUP($D15,'Project IO'!$B:$E,3,FALSE)) -> Active | C15: =IF($D15=0,"",VLOOKUP($D15,'Project IO'!$B:$E,4,FALSE)) -> Active | D15: =$A$1 -> Tumalo Ph2 | E15: =IF($H15=0,"",VLOOKUP($H15,정원!$D:$G,2,FALSE)) -> NPI IS | F15: =IF($H15=0,"",VLOOKUP($H15,정원!$D:$G,3,FALSE)) -> System 2 | G15: =IF($H15=0,"",VLOOKUP($H15,정원!$D:$G,4,FALSE)) -> System engineer | H15: Kevin Ko | I15: 46478 | J15: =I15+180 -> 46658
A16: 14 | B16: =IF($D16=0,"",VLOOKUP($D16,'Project IO'!$B:$E,3,FALSE)) -> Active | C16: =IF($D16=0,"",VLOOKUP($D16,'Project IO'!$B:$E,4,FALSE)) -> Active | D16: =$A$1 -> Tumalo Ph2 | E16: =IF($H16=0,"",VLOOKUP($H16,정원!$D:$G,2,FALSE)) -> NPI IS | F16: =IF($H16=0,"",VLOOKUP($H16,정원!$D:$G,3,FALSE)) -> System 1 | G16: =IF($H16=0,"",VLOOKUP($H16,정원!$D:$G,4,FALSE)) -> System engineer | H16: Chloe Jeong | I16: 46478 | J16: =I16+180 -> 46658
A17: 15 | B17: =IF($D17=0,"",VLOOKUP($D17,'Project IO'!$B:$E,3,FALSE)) -> Active | C17: =IF($D17=0,"",VLOOKUP($D17,'Project IO'!$B:$E,4,FALSE)) -> Active | D17: =$A$1 -> Tumalo Ph2 | E17: =IF($H17=0,"",VLOOKUP($H17,정원!$D:$G,2,FALSE)) -> NPI IS | F17: =IF($H17=0,"",VLOOKUP($H17,정원!$D:$G,3,FALSE)) -> System 1 | G17: =IF($H17=0,"",VLOOKUP($H17,정원!$D:$G,4,FALSE)) -> Technician | H17: Robin Park | I17: 46478 | J17: =I17+180 -> 46658
A18: 16 | B18: =IF($D18=0,"",VLOOKUP($D18,'Project IO'!$B:$E,3,FALSE)) -> Active | C18: =IF($D18=0,"",VLOOKUP($D18,'Project IO'!$B:$E,4,FALSE)) -> Active | D18: =$A$1 -> Tumalo Ph2 | E18: =IF($H18=0,"",VLOOKUP($H18,정원!$D:$G,2,FALSE)) -> NPI IS | F18: =IF($H18=0,"",VLOOKUP($H18,정원!$D:$G,3,FALSE)) -> Mechanical | G18: =IF($H18=0,"",VLOOKUP($H18,정원!$D:$G,4,FALSE)) -> Leader | H18: Jeremy Park | I18: 46478 | J18: =I18+180 -> 46658 | L18: 0.2 | M18: 0.2 | N18: 0.2 | O18: 0.2 | P18: 0.2 | Q18: 0.3 | R18: 0.3 | S18: 0.3 | T18: 0.3 | U18: 0.3 | V18: 0.3 | W18: 0.3 | X18: 0.3 | Y18: 0.3 | Z18: 0.3 | AA18: 0.3 | AB18: 0.3 | AC18: 0.3 | AD18: 0.3 | AE18: 0.3 | AF18: 0.3 | AG18: 0.3 | AH18: 0.3 | AI18: 0.3 | AJ18: 0.3 | AK18: 0.3 | AL18: 0.3
A19: 17 | B19: =IF($D19=0,"",VLOOKUP($D19,'Project IO'!$B:$E,3,FALSE)) -> Active | C19: =IF($D19=0,"",VLOOKUP($D19,'Project IO'!$B:$E,4,FALSE)) -> Active | D19: =$A$1 -> Tumalo Ph2 | E19: =IF($H19=0,"",VLOOKUP($H19,정원!$D:$G,2,FALSE)) -> NPI IS | F19: =IF($H19=0,"",VLOOKUP($H19,정원!$D:$G,3,FALSE)) -> Mechanical | G19: =IF($H19=0,"",VLOOKUP($H19,정원!$D:$G,4,FALSE)) -> Mechanical engineer | H19: Allie Park | I19: 46478 | J19: =I19+180 -> 46658 | L19: 1 | M19: 1 | N19: 1 | O19: 1 | P19: 1 | Q19: 1 | R19: 1 | S19: 1 | T19: 1 | U19: 1 | V19: 1 | W19: 1 | X19: 1 | Y19: 1 | Z19: 1 | AA19: 1 | AB19: 1 | AC19: 1 | AD19: 1 | AE19: 1 | AF19: 1 | AG19: 1 | AH19: 1 | AI19: 1 | AJ19: 1 | AK19: 1 | AL19: 1
A20: 18 | B20: =IF($D20=0,"",VLOOKUP($D20,'Project IO'!$B:$E,3,FALSE)) -> Active | C20: =IF($D20=0,"",VLOOKUP($D20,'Project IO'!$B:$E,4,FALSE)) -> Active | D20: =$A$1 -> Tumalo Ph2 | E20: =IF($H20=0,"",VLOOKUP($H20,정원!$D:$G,2,FALSE)) -> NPI IS | F20: =IF($H20=0,"",VLOOKUP($H20,정원!$D:$G,3,FALSE)) -> Mechanical | G20: =IF($H20=0,"",VLOOKUP($H20,정원!$D:$G,4,FALSE)) -> Mechanical engineer | H20: Wayne Jo | I20: 46478 | J20: =I20+180 -> 46658 | L20: 0.5 | M20: 0.5 | N20: 0.5 | O20: 0.5 | P20: 0.5 | Q20: 0.5 | R20: 0.5 | S20: 0.5 | T20: 0.5 | U20: 0.5 | V20: 0.5 | W20: 0.5 | X20: 0.5 | Y20: 1 | Z20: 1 | AA20: 1 | AB20: 1 | AC20: 1 | AD20: 1 | AE20: 1 | AF20: 1 | AG20: 1 | AH20: 1 | AI20: 1 | AJ20: 1 | AK20: 1 | AL20: 1
A21: 19 | B21: =IF($D21=0,"",VLOOKUP($D21,'Project IO'!$B:$E,3,FALSE)) -> Active | C21: =IF($D21=0,"",VLOOKUP($D21,'Project IO'!$B:$E,4,FALSE)) -> Active | D21: =$A$1 -> Tumalo Ph2 | E21: =IF($H21=0,"",VLOOKUP($H21,정원!$D:$G,2,FALSE)) -> NPI IS | F21: =IF($H21=0,"",VLOOKUP($H21,정원!$D:$G,3,FALSE)) -> Mechanical | G21: =IF($H21=0,"",VLOOKUP($H21,정원!$D:$G,4,FALSE)) -> Mechanical engineer | H21: Jayce Park | I21: 46478 | J21: =I21+180 -> 46658 | X21: 1 | Y21: 1 | Z21: 1 | AA21: 1 | AB21: 1 | AC21: 1 | AD21: 1 | AE21: 1 | AF21: 1 | AG21: 1 | AH21: 1 | AI21: 1 | AJ21: 1 | AK21: 1 | AL21: 1
A22: 20 | B22: =IF($D22=0,"",VLOOKUP($D22,'Project IO'!$B:$E,3,FALSE)) -> Active | C22: =IF($D22=0,"",VLOOKUP($D22,'Project IO'!$B:$E,4,FALSE)) -> Active | D22: =$A$1 -> Tumalo Ph2 | E22: =IF($H22=0,"",VLOOKUP($H22,정원!$D:$G,2,FALSE)) -> NPI IS | F22: =IF($H22=0,"",VLOOKUP($H22,정원!$D:$G,3,FALSE)) -> Mechanical | G22: =IF($H22=0,"",VLOOKUP($H22,정원!$D:$G,4,FALSE)) -> Mechanical engineer | H22: Derek Cho | I22: 46478 | J22: =I22+180 -> 46658 | O22: 0.5 | P22: 0.5
A23: 21 | B23: =IF($D23=0,"",VLOOKUP($D23,'Project IO'!$B:$E,3,FALSE)) -> Active | C23: =IF($D23=0,"",VLOOKUP($D23,'Project IO'!$B:$E,4,FALSE)) -> Active | D23: =$A$1 -> Tumalo Ph2 | E23: =IF($H23=0,"",VLOOKUP($H23,정원!$D:$G,2,FALSE)) -> Control Eng. | F23: =IF($H23=0,"",VLOOKUP($H23,정원!$D:$G,3,FALSE)) -> * Manager | G23: =IF($H23=0,"",VLOOKUP($H23,정원!$D:$G,4,FALSE)) -> * Manager | H23: Mogen Seo | I23: 46478 | J23: =I23+180 -> 46658 | L23: 0.1 | M23: 0.1 | N23: 0.1 | O23: 0.1 | P23: 0.1 | Q23: 0.1 | R23: 0.1 | S23: 0.1 | T23: 0.1 | U23: 0.1 | V23: 0.1 | W23: 0.1 | X23: 0.1 | Y23: 0.1 | Z23: 0.1 | AA23: 0.1 | AB23: 0.1 | AC23: 0.1 | AD23: 0.1 | AE23: 0.1 | AF23: 0.1 | AG23: 0.1 | AH23: 0.1 | AI23: 0.1 | AJ23: 0.1 | AK23: 0.1 | AL23: 0.1
A24: 22 | B24: =IF($D24=0,"",VLOOKUP($D24,'Project IO'!$B:$E,3,FALSE)) -> Active | C24: =IF($D24=0,"",VLOOKUP($D24,'Project IO'!$B:$E,4,FALSE)) -> Active | D24: =$A$1 -> Tumalo Ph2 | E24: =IF($H24=0,"",VLOOKUP($H24,정원!$D:$G,2,FALSE)) -> Control Eng. | F24: =IF($H24=0,"",VLOOKUP($H24,정원!$D:$G,3,FALSE)) -> Software | G24: =IF($H24=0,"",VLOOKUP($H24,정원!$D:$G,4,FALSE)) -> Leader | H24: Gerald Park | I24: 46478 | J24: =I24+180 -> 46658 | R24: 0.1 | S24: 0.1 | T24: 0.2 | U24: 0.2 | V24: 0.2 | W24: 0.2 | X24: 0.2 | Y24: 0.2 | Z24: 0.2 | AA24: 0.2 | AB24: 0.2 | AC24: 0.2 | AD24: 0.2 | AE24: 0.2 | AF24: 0.2 | AG24: 0.2 | AH24: 0.2 | AI24: 0.2 | AJ24: 0.2 | AK24: 0.2 | AL24: 0.2
A25: 23 | B25: =IF($D25=0,"",VLOOKUP($D25,'Project IO'!$B:$E,3,FALSE)) -> Active | C25: =IF($D25=0,"",VLOOKUP($D25,'Project IO'!$B:$E,4,FALSE)) -> Active | D25: =$A$1 -> Tumalo Ph2 | E25: =IF($H25=0,"",VLOOKUP($H25,정원!$D:$G,2,FALSE)) -> Control Eng. | F25: =IF($H25=0,"",VLOOKUP($H25,정원!$D:$G,3,FALSE)) -> Software | G25: =IF($H25=0,"",VLOOKUP($H25,정원!$D:$G,4,FALSE)) -> Software engineer | H25: Ethan Jung | I25: 46478 | J25: =I25+180 -> 46658 | R25: 1 | S25: 1 | T25: 1 | U25: 1 | V25: 1 | W25: 1 | X25: 1 | Y25: 1 | Z25: 1 | AA25: 1 | AB25: 1 | AC25: 1 | AD25: 1 | AE25: 1 | AF25: 1 | AG25: 1 | AH25: 1 | AI25: 1 | AJ25: 1 | AK25: 1 | AL25: 1
A26: 24 | B26: =IF($D26=0,"",VLOOKUP($D26,'Project IO'!$B:$E,3,FALSE)) -> Active | C26: =IF($D26=0,"",VLOOKUP($D26,'Project IO'!$B:$E,4,FALSE)) -> Active | D26: =$A$1 -> Tumalo Ph2 | E26: =IF($H26=0,"",VLOOKUP($H26,정원!$D:$G,2,FALSE)) -> Control Eng. | F26: =IF($H26=0,"",VLOOKUP($H26,정원!$D:$G,3,FALSE)) -> Software | G26: =IF($H26=0,"",VLOOKUP($H26,정원!$D:$G,4,FALSE)) -> Software engineer | H26: Roy Choi | I26: 46478 | J26: =I26+180 -> 46658 | Y26: 1 | Z26: 1 | AA26: 1 | AB26: 1 | AC26: 1 | AD26: 1 | AE26: 1 | AF26: 1 | AG26: 1 | AH26: 1 | AI26: 1 | AJ26: 1 | AK26: 1 | AL26: 1
A27: 25 | B27: =IF($D27=0,"",VLOOKUP($D27,'Project IO'!$B:$E,3,FALSE)) -> Active | C27: =IF($D27=0,"",VLOOKUP($D27,'Project IO'!$B:$E,4,FALSE)) -> Active | D27: =$A$1 -> Tumalo Ph2 | E27: =IF($H27=0,"",VLOOKUP($H27,정원!$D:$G,2,FALSE)) -> Control Eng. | F27: =IF($H27=0,"",VLOOKUP($H27,정원!$D:$G,3,FALSE)) -> Software | G27: =IF($H27=0,"",VLOOKUP($H27,정원!$D:$G,4,FALSE)) -> SW test engineer | H27: Dave Kim | I27: 46478 | J27: =I27+180 -> 46658 | R27: 1 | S27: 1 | T27: 1 | U27: 1 | V27: 1 | W27: 1 | X27: 1 | Y27: 1 | Z27: 1 | AA27: 1 | AB27: 1 | AC27: 1 | AD27: 1 | AE27: 1 | AF27: 1 | AG27: 1 | AH27: 1 | AI27: 1 | AJ27: 1 | AK27: 1 | AL27: 1
A28: 26 | B28: =IF($D28=0,"",VLOOKUP($D28,'Project IO'!$B:$E,3,FALSE)) -> Active | C28: =IF($D28=0,"",VLOOKUP($D28,'Project IO'!$B:$E,4,FALSE)) -> Active | D28: =$A$1 -> Tumalo Ph2 | E28: =IF($H28=0,"",VLOOKUP($H28,정원!$D:$G,2,FALSE)) -> Control Eng. | F28: =IF($H28=0,"",VLOOKUP($H28,정원!$D:$G,3,FALSE)) -> Software | G28: =IF($H28=0,"",VLOOKUP($H28,정원!$D:$G,4,FALSE)) -> SW test engineer | H28: Moonsu Cho | I28: 46478 | J28: =I28+180 -> 46658 | U28: 0.5 | V28: 0.5 | W28: 0.5 | X28: 0.5 | Y28: 0.5 | Z28: 0.5 | AA28: 0.5 | AB28: 0.5 | AC28: 0.5 | AD28: 0.5 | AE28: 0.5 | AF28: 0.5 | AG28: 0.5 | AH28: 0.5 | AI28: 0.5 | AJ28: 0.5 | AK28: 0.5 | AL28: 0.5
A29: 26 | B29: =IF($D29=0,"",VLOOKUP($D29,'Project IO'!$B:$E,3,FALSE)) -> Active | C29: =IF($D29=0,"",VLOOKUP($D29,'Project IO'!$B:$E,4,FALSE)) -> Active | D29: =$A$1 -> Tumalo Ph2 | E29: =IF($H29=0,"",VLOOKUP($H29,정원!$D:$G,2,FALSE)) -> Control Eng. | F29: =IF($H29=0,"",VLOOKUP($H29,정원!$D:$G,3,FALSE)) -> Software | G29: =IF($H29=0,"",VLOOKUP($H29,정원!$D:$G,4,FALSE)) -> Software engineer | H29: Owen Rim | I29: 46478 | J29: =I29+180 -> 46658 | L29: 1 | M29: 1 | N29: 1 | O29: 1 | P29: 1 | Q29: 1 | R29: 1 | S29: 1 | T29: 1 | U29: 1 | V29: 1 | W29: 1 | X29: 1 | Y29: 1 | Z29: 1 | AA29: 1 | AB29: 1 | AC29: 1 | AD29: 1 | AE29: 1 | AF29: 1 | AG29: 1 | AH29: 1 | AI29: 1 | AJ29: 1 | AK29: 1 | AL29: 1
A30: 27 | B30: =IF($D30=0,"",VLOOKUP($D30,'Project IO'!$B:$E,3,FALSE)) -> Active | C30: =IF($D30=0,"",VLOOKUP($D30,'Project IO'!$B:$E,4,FALSE)) -> Active | D30: =$A$1 -> Tumalo Ph2 | E30: =IF($H30=0,"",VLOOKUP($H30,정원!$D:$G,2,FALSE)) -> Control Eng. | F30: =IF($H30=0,"",VLOOKUP($H30,정원!$D:$G,3,FALSE)) -> Electrical | G30: =IF($H30=0,"",VLOOKUP($H30,정원!$D:$G,4,FALSE)) -> Leader | H30: Joshua Im | I30: 46478 | J30: =I30+180 -> 46658 | L30: 0.3 | M30: 0.3 | N30: 0.2 | O30: 0.2 | P30: 0.2 | Q30: 0.2 | R30: 0.2 | S30: 0.2 | T30: 0.2 | U30: 0.2 | V30: 0.2 | W30: 0.2 | X30: 0.2 | Y30: 0.2 | Z30: 0.2 | AA30: 0.2 | AB30: 0.2 | AC30: 0.2 | AD30: 0.2 | AE30: 0.2 | AF30: 0.2 | AG30: 0.1 | AH30: 0.1 | AI30: 0.1 | AJ30: 0.1 | AK30: 0.1 | AL30: 0.1
A31: 28 | B31: =IF($D31=0,"",VLOOKUP($D31,'Project IO'!$B:$E,3,FALSE)) -> Active | C31: =IF($D31=0,"",VLOOKUP($D31,'Project IO'!$B:$E,4,FALSE)) -> Active | D31: =$A$1 -> Tumalo Ph2 | E31: =IF($H31=0,"",VLOOKUP($H31,정원!$D:$G,2,FALSE)) -> Control Eng. | F31: =IF($H31=0,"",VLOOKUP($H31,정원!$D:$G,3,FALSE)) -> Electrical | G31: =IF($H31=0,"",VLOOKUP($H31,정원!$D:$G,4,FALSE)) -> Electrical engineer | H31: May Kwon | I31: 46478 | J31: =I31+180 -> 46658 | M31: 0.5 | N31: 1 | O31: 1 | P31: 1 | Q31: 1 | R31: 1 | S31: 1 | T31: 1 | U31: 1 | V31: 1 | W31: 1 | X31: 1 | Y31: 1 | Z31: 1 | AA31: 1 | AB31: 1 | AC31: 1 | AD31: 1 | AE31: 1 | AF31: 1 | AG31: 1 | AH31: 1 | AI31: 1 | AJ31: 1 | AK31: 1 | AL31: 1
A32: 29 | B32: =IF($D32=0,"",VLOOKUP($D32,'Project IO'!$B:$E,3,FALSE)) -> Active | C32: =IF($D32=0,"",VLOOKUP($D32,'Project IO'!$B:$E,4,FALSE)) -> Active | D32: =$A$1 -> Tumalo Ph2 | E32: =IF($H32=0,"",VLOOKUP($H32,정원!$D:$G,2,FALSE)) -> Control Eng. | F32: =IF($H32=0,"",VLOOKUP($H32,정원!$D:$G,3,FALSE)) -> Electrical | G32: =IF($H32=0,"",VLOOKUP($H32,정원!$D:$G,4,FALSE)) -> Electrical engineer | H32: Julia Mun | I32: 46478 | J32: =I32+180 -> 46658
A33: 30 | B33: =IF($D33=0,"",VLOOKUP($D33,'Project IO'!$B:$E,3,FALSE)) -> Active | C33: =IF($D33=0,"",VLOOKUP($D33,'Project IO'!$B:$E,4,FALSE)) -> Active | D33: =$A$1 -> Tumalo Ph2 | E33: =IF($H33=0,"",VLOOKUP($H33,정원!$D:$G,2,FALSE)) -> Control Eng. | F33: =IF($H33=0,"",VLOOKUP($H33,정원!$D:$G,3,FALSE)) -> Electrical | G33: =IF($H33=0,"",VLOOKUP($H33,정원!$D:$G,4,FALSE)) -> Electrical engineer | H33: Andy Jang | I33: 46478 | J33: =I33+180 -> 46658 | N33: 0.5 | O33: 0.5 | P33: 0.5 | Q33: 0.5 | R33: 1 | S33: 1 | T33: 1 | U33: 1 | V33: 1 | W33: 1 | X33: 1 | Y33: 1 | Z33: 1 | AA33: 1 | AB33: 1 | AC33: 1 | AD33: 1 | AE33: 1 | AF33: 1 | AG33: 1 | AH33: 1 | AI33: 1 | AJ33: 1 | AK33: 1 | AL33: 1
A34: 31 | B34: =IF($D34=0,"",VLOOKUP($D34,'Project IO'!$B:$E,3,FALSE)) -> Active | C34: =IF($D34=0,"",VLOOKUP($D34,'Project IO'!$B:$E,4,FALSE)) -> Active | D34: =$A$1 -> Tumalo Ph2 | E34: =IF($H34=0,"",VLOOKUP($H34,정원!$D:$G,2,FALSE)) -> 0 | F34: =IF($H34=0,"",VLOOKUP($H34,정원!$D:$G,3,FALSE)) -> 0 | G34: =IF($H34=0,"",VLOOKUP($H34,정원!$D:$G,4,FALSE)) -> 0 | H34: Gate Plan | I34: 46478 | J34: =I34+180 -> 46658 | L34: G2 | R34: G3 | X34: G4 | AG34: G5 | AL34: G6

Sheet Gen3 7SRC TFT
A1: Gen3 EUV Zenith Plus 7SRC TSMC | B1: =IF($A$1=0,"",VLOOKUP(A1,'Project IO'!$B$4:$C$101,2,FALSE)) -> 407140 | D1: 자동입력 | E1: Resource Plan | F1: Ver. | G1: 0 | H1: Date | I1: 45852 | J1: SUM | K1: =SUM(K3:K1048576) -> 0 | L1: =SUM(L3:L1048576) -> 0 | M1: =SUM(M3:M1048576) -> 0.2 | N1: =SUM(N3:N21) -> 6.4 | O1: =SUM(O3:O21) -> 5.2 | P1: =SUM(P3:P21) -> 5.2 | Q1: =SUM(Q3:Q21) -> 2.8 | R1: =SUM(R3:R21) -> 0 | S1: =SUM(S3:S21) -> 0 | T1: =SUM(T3:T1048576) -> 0 | U1: =SUM(U3:U1048576) -> 0 | V1: =SUM(V3:V1048576) -> 0 | W1: =SUM(W3:W1048576) -> 0 | X1: =SUM(X3:X1048576) -> 0 | Y1: =SUM(Y3:Y1048576) -> 0 | Z1: =SUM(Z3:Z1048576) -> 0 | AA1: =SUM(AA3:AA1048576) -> 0 | ... BA1: =SUM(BA3:BA1048576) -> 0
A2: No | B2: Status | C2: Project Lifecycle | D2: Project | E2: Resource Department | F2: Sub-Team | G2: Resource Role | H2: Name | I2: G5 | J2: G6 | K2: 45833 | L2: 45863 | M2: 45894 | N2: 45925 | O2: 45955 | P2: 45986 | Q2: 46016 | R2: 45683 | S2: 45714 | T2: 45742 | U2: 45773 | V2: 45803 | W2: 45834 | X2: 45864 | Y2: 45895 | Z2: 45926 | AA2: 45956 | AB2: 45987 | AC2: 46017 | AD2: 45684 | AE2: 45715 | AF2: 45743 | AG2: 45774 | AH2: 45804 | AI2: 45835 | AJ2: 45865 | AK2: 45896 | AL2: 45927 | AM2: 45957 | AN2: 45988 | AO2: 46018 | AP2: 45685 | AQ2: 45716 | AR2: 45744 | AS2: 45775 | AT2: 45805 | AU2: 45836 | AV2: 45866 | AW2: 45897 | AX2: 45928 | AY2: 45958 | AZ2: 45989 | BA2: 46019
A3: 1 | B3: =IF($D3=0,"",VLOOKUP($D3,'Project IO'!$B:$D,3,FALSE)) -> Active | C3: =IF($D3=0,"",VLOOKUP($D3,'Project IO'!$B:$E,4,FALSE)) -> ETO | D3: =$A$1 -> Gen3 EUV Zenith Plus 7SRC TSMC | E3: =IF($H3=0,"",VLOOKUP($H3,정원!$D:$G,2,FALSE)) -> PMO | F3: =IF($H3=0,"",VLOOKUP($H3,정원!$D:$G,3,FALSE)) -> * Manager | G3: =IF($H3=0,"",VLOOKUP($H3,정원!$D:$G,4,FALSE)) -> * Manager | H3: Jinney Lee | M3: 0.2 | N3: 0.2 | O3: 0.2 | P3: 0.2 | Q3: 0.2
A4: 2 | B4: =IF($D4=0,"",VLOOKUP($D4,'Project IO'!$B:$D,3,FALSE)) -> Active | C4: =IF($D4=0,"",VLOOKUP($D4,'Project IO'!$B:$E,4,FALSE)) -> ETO | D4: =$A$1 -> Gen3 EUV Zenith Plus 7SRC TSMC | E4: =IF($H4=0,"",VLOOKUP($H4,정원!$D:$G,2,FALSE)) -> NPI IS | F4: =IF($H4=0,"",VLOOKUP($H4,정원!$D:$G,3,FALSE)) -> System 2 | G4: =IF($H4=0,"",VLOOKUP($H4,정원!$D:$G,4,FALSE)) -> Tech Lead | H4: Chad Seo | N4: 1 | O4: 1 | P4: 1 | Q4: 0.5
A5: 3 | B5: =IF($D5=0,"",VLOOKUP($D5,'Project IO'!$B:$D,3,FALSE)) -> Active | C5: =IF($D5=0,"",VLOOKUP($D5,'Project IO'!$B:$E,4,FALSE)) -> ETO | D5: =$A$1 -> Gen3 EUV Zenith Plus 7SRC TSMC | E5: =IF($H5=0,"",VLOOKUP($H5,정원!$D:$G,2,FALSE)) -> NPI IS | F5: =IF($H5=0,"",VLOOKUP($H5,정원!$D:$G,3,FALSE)) -> * Manager | G5: =IF($H5=0,"",VLOOKUP($H5,정원!$D:$G,4,FALSE)) -> * Manager | H5: Dorothy Noh | N5: 0.1 | O5: 0.1 | P5: 0.1 | Q5: 0.1
A6: 5 | B6: =IF($D6=0,"",VLOOKUP($D6,'Project IO'!$B:$D,3,FALSE)) -> Active | C6: =IF($D6=0,"",VLOOKUP($D6,'Project IO'!$B:$E,4,FALSE)) -> ETO | D6: =$A$1 -> Gen3 EUV Zenith Plus 7SRC TSMC | E6: =IF($H6=0,"",VLOOKUP($H6,정원!$D:$G,2,FALSE)) -> NPI IS | F6: =IF($H6=0,"",VLOOKUP($H6,정원!$D:$G,3,FALSE)) -> System 2 | G6: =IF($H6=0,"",VLOOKUP($H6,정원!$D:$G,4,FALSE)) -> System engineer | H6: Kevin Ko | N6: 1 | O6: 0 | P6: 0
A7: 6 | B7: =IF($D7=0,"",VLOOKUP($D7,'Project IO'!$B:$D,3,FALSE)) -> Active | C7: =IF($D7=0,"",VLOOKUP($D7,'Project IO'!$B:$E,4,FALSE)) -> ETO | D7: =$A$1 -> Gen3 EUV Zenith Plus 7SRC TSMC | E7: =IF($H7=0,"",VLOOKUP($H7,정원!$D:$G,2,FALSE)) -> NPI IS | F7: =IF($H7=0,"",VLOOKUP($H7,정원!$D:$G,3,FALSE)) -> System 2 | G7: =IF($H7=0,"",VLOOKUP($H7,정원!$D:$G,4,FALSE)) -> Service engineer | H7: Sophie Kim | N7: 0.7 | O7: 0 | P7: 0
A8: 7 | B8: =IF($D8=0,"",VLOOKUP($D8,'Project IO'!$B:$D,3,FALSE)) -> Active | C8: =IF($D8=0,"",VLOOKUP($D8,'Project IO'!$B:$E,4,FALSE)) -> ETO | D8: =$A$1 -> Gen3 EUV Zenith Plus 7SRC TSMC | E8: =IF($H8=0,"",VLOOKUP($H8,정원!$D:$G,2,FALSE)) -> NPI IS | F8: =IF($H8=0,"",VLOOKUP($H8,정원!$D:$G,3,FALSE)) -> System 2 | G8: =IF($H8=0,"",VLOOKUP($H8,정원!$D:$G,4,FALSE)) -> System engineer | H8: Jess Kim | O8: 0.5 | P8: 0.5
A9: 8 | B9: =IF($D9=0,"",VLOOKUP($D9,'Project IO'!$B:$D,3,FALSE)) -> Active | C9: =IF($D9=0,"",VLOOKUP($D9,'Project IO'!$B:$E,4,FALSE)) -> ETO | D9: =$A$1 -> Gen3 EUV Zenith Plus 7SRC TSMC | E9: =IF($H9=0,"",VLOOKUP($H9,정원!$D:$G,2,FALSE)) -> NPI IS | F9: =IF($H9=0,"",VLOOKUP($H9,정원!$D:$G,3,FALSE)) -> Mechanical | G9: =IF($H9=0,"",VLOOKUP($H9,정원!$D:$G,4,FALSE)) -> Leader | H9: Jeremy Park | N9: 0.1 | O9: 0.1 | P9: 0.1
A10: 9 | B10: =IF($D10=0,"",VLOOKUP($D10,'Project IO'!$B:$D,3,FALSE)) -> Active | C10: =IF($D10=0,"",VLOOKUP($D10,'Project IO'!$B:$E,4,FALSE)) -> ETO | D10: =$A$1 -> Gen3 EUV Zenith Plus 7SRC TSMC | E10: =IF($H10=0,"",VLOOKUP($H10,정원!$D:$G,2,FALSE)) -> NPI IS | F10: =IF($H10=0,"",VLOOKUP($H10,정원!$D:$G,3,FALSE)) -> Mechanical | G10: =IF($H10=0,"",VLOOKUP($H10,정원!$D:$G,4,FALSE)) -> Mechanical engineer | H10: Jayden Lee | N10: 0.5 | O10: 0.5 | P10: 0.5
A11: 10 | B11: =IF($D11=0,"",VLOOKUP($D11,'Project IO'!$B:$D,3,FALSE)) -> Active | C11: =IF($D11=0,"",VLOOKUP($D11,'Project IO'!$B:$E,4,FALSE)) -> ETO | D11: =$A$1 -> Gen3 EUV Zenith Plus 7SRC TSMC | E11: =IF($H11=0,"",VLOOKUP($H11,정원!$D:$G,2,FALSE)) -> NPI IS | F11: =IF($H11=0,"",VLOOKUP($H11,정원!$D:$G,3,FALSE)) -> Mechanical | G11: =IF($H11=0,"",VLOOKUP($H11,정원!$D:$G,4,FALSE)) -> Mechanical engineer | H11: Derek Cho | N11: 0.5
A12: 11 | B12: =IF($D12=0,"",VLOOKUP($D12,'Project IO'!$B:$D,3,FALSE)) -> Active | C12: =IF($D12=0,"",VLOOKUP($D12,'Project IO'!$B:$E,4,FALSE)) -> ETO | D12: =$A$1 -> Gen3 EUV Zenith Plus 7SRC TSMC | E12: =IF($H12=0,"",VLOOKUP($H12,정원!$D:$G,2,FALSE)) -> Control Eng. | F12: =IF($H12=0,"",VLOOKUP($H12,정원!$D:$G,3,FALSE)) -> * Manager | G12: =IF($H12=0,"",VLOOKUP($H12,정원!$D:$G,4,FALSE)) -> * Manager | H12: Mogen Seo
A13: 12 | B13: =IF($D13=0,"",VLOOKUP($D13,'Project IO'!$B:$D,3,FALSE)) -> Active | C13: =IF($D13=0,"",VLOOKUP($D13,'Project IO'!$B:$E,4,FALSE)) -> ETO | D13: =$A$1 -> Gen3 EUV Zenith Plus 7SRC TSMC | E13: =IF($H13=0,"",VLOOKUP($H13,정원!$D:$G,2,FALSE)) -> Control Eng. | F13: =IF($H13=0,"",VLOOKUP($H13,정원!$D:$G,3,FALSE)) -> Software | G13: =IF($H13=0,"",VLOOKUP($H13,정원!$D:$G,4,FALSE)) -> Leader | H13: Gerald Park
A14: 13 | B14: =IF($D14=0,"",VLOOKUP($D14,'Project IO'!$B:$D,3,FALSE)) -> Active | C14: =IF($D14=0,"",VLOOKUP($D14,'Project IO'!$B:$E,4,FALSE)) -> ETO | D14: =$A$1 -> Gen3 EUV Zenith Plus 7SRC TSMC | E14: =IF($H14=0,"",VLOOKUP($H14,정원!$D:$G,2,FALSE)) -> Control Eng. | F14: =IF($H14=0,"",VLOOKUP($H14,정원!$D:$G,3,FALSE)) -> Software | G14: =IF($H14=0,"",VLOOKUP($H14,정원!$D:$G,4,FALSE)) -> Software engineer | H14: Ashley Yun | N14: 0.5 | O14: 0.5 | P14: 0.5 | Q14: 0.5
A15: 14 | B15: =IF($D15=0,"",VLOOKUP($D15,'Project IO'!$B:$D,3,FALSE)) -> Active | C15: =IF($D15=0,"",VLOOKUP($D15,'Project IO'!$B:$E,4,FALSE)) -> ETO | D15: =$A$1 -> Gen3 EUV Zenith Plus 7SRC TSMC | E15: =IF($H15=0,"",VLOOKUP($H15,정원!$D:$G,2,FALSE)) -> Control Eng. | F15: =IF($H15=0,"",VLOOKUP($H15,정원!$D:$G,3,FALSE)) -> Software | G15: =IF($H15=0,"",VLOOKUP($H15,정원!$D:$G,4,FALSE)) -> SW test engineer | H15: Moonsu Cho | N15: 0.5 | O15: 0.5 | P15: 0.5 | Q15: 0.5
A16: 15 | B16: =IF($D16=0,"",VLOOKUP($D16,'Project IO'!$B:$D,3,FALSE)) -> Active | C16: =IF($D16=0,"",VLOOKUP($D16,'Project IO'!$B:$E,4,FALSE)) -> ETO | D16: =$A$1 -> Gen3 EUV Zenith Plus 7SRC TSMC | E16: =IF($H16=0,"",VLOOKUP($H16,정원!$D:$G,2,FALSE)) -> Control Eng. | F16: =IF($H16=0,"",VLOOKUP($H16,정원!$D:$G,3,FALSE)) -> Electrical | G16: =IF($H16=0,"",VLOOKUP($H16,정원!$D:$G,4,FALSE)) -> Leader | H16: Joshua Im | N16: 0.3 | O16: 0.3 | P16: 0.3
A17: 16 | B17: =IF($D17=0,"",VLOOKUP($D17,'Project IO'!$B:$D,3,FALSE)) -> Active | C17: =IF($D17=0,"",VLOOKUP($D17,'Project IO'!$B:$E,4,FALSE)) -> ETO | D17: =$A$1 -> Gen3 EUV Zenith Plus 7SRC TSMC | E17: =IF($H17=0,"",VLOOKUP($H17,정원!$D:$G,2,FALSE)) -> Control Eng. | F17: =IF($H17=0,"",VLOOKUP($H17,정원!$D:$G,3,FALSE)) -> Electrical | G17: =IF($H17=0,"",VLOOKUP($H17,정원!$D:$G,4,FALSE)) -> Electrical engineer | H17: Dean Choi | N17: 1 | O17: 0.5 | P17: 0.5
A18: 17 | B18: =IF($D18=0,"",VLOOKUP($D18,'Project IO'!$B:$D,3,FALSE)) -> Active | C18: =IF($D18=0,"",VLOOKUP($D18,'Project IO'!$B:$E,4,FALSE)) -> ETO | D18: =$A$1 -> Gen3 EUV Zenith Plus 7SRC TSMC | E18: =IF($H18=0,"",VLOOKUP($H18,정원!$D:$G,2,FALSE)) -> NPI IS | F18: =IF($H18=0,"",VLOOKUP($H18,정원!$D:$G,3,FALSE)) -> System 3 | G18: =IF($H18=0,"",VLOOKUP($H18,정원!$D:$G,4,FALSE)) -> System engineer | H18: Tred Park | O18: 1 | P18: 1 | Q18: 1
A19: 18 | B19: =IF($D19=0,"",VLOOKUP($D19,'Project IO'!$B:$D,3,FALSE)) -> Active | C19: =IF($D19=0,"",VLOOKUP($D19,'Project IO'!$B:$E,4,FALSE)) -> ETO | D19: =$A$1 -> Gen3 EUV Zenith Plus 7SRC TSMC | E19: =IF($H19=0,"",VLOOKUP($H19,정원!$D:$G,2,FALSE)) -> 0 | F19: =IF($H19=0,"",VLOOKUP($H19,정원!$D:$G,3,FALSE)) -> 0 | G19: =IF($H19=0,"",VLOOKUP($H19,정원!$D:$G,4,FALSE)) -> 0 | H19: Gate Plan | M19: G2 | Q19: G5

Sheet Havasu V00
A1: Havasu | B1: =IF($A$1=0,"",VLOOKUP(A1,'Project IO'!$B$4:$C$101,2,FALSE)) -> 406399 | D1: 자동입력 | E1: Resource Plan | F1: Ver. | G1: 0 | H1: Date | I1: 45852 | J1: SUM | K1: =SUM(K3:K1048576) -> 11.5 | L1: =SUM(L3:L1048576) -> 9.7 | M1: =SUM(M3:M1048576) -> 8.2 | N1: =SUM(N3:N1048576) -> 5.9 | O1: =SUM(O3:O1048576) -> 4.4 | P1: =SUM(P3:P1048576) -> 5.3 | Q1: =SUM(Q3:Q1048576) -> 4.8 | R1: =SUM(R3:R1048576) -> 1.5 | ... BA1: =SUM(BA3:BA1048576) -> 0
A2: No | B2: Status | C2: Project Lifecycle | D2: Project | E2: Resource Department | F2: Sub-Team | G2: Resource Role | H2: Name | I2: G5 | J2: G6 | K2: 45833 | L2: 45863 | M2: 45894 | N2: 45925 | O2: 45955 | P2: 45986 | Q2: 46016 | R2: 45683 | S2: 45714 | T2: 45742 | U2: 45773 | V2: 45803 | W2: 45834 | X2: 45864 | Y2: 45895 | Z2: 45926 | AA2: 45956 | AB2: 45987 | AC2: 46017 | AD2: 45684 | AE2: 45715 | AF2: 45743 | AG2: 45774 | AH2: 45804 | AI2: 45835 | AJ2: 45865 | AK2: 45896 | AL2: 45927 | AM2: 45957 | AN2: 45988 | AO2: 46018 | AP2: 45685 | AQ2: 45716 | AR2: 45744 | AS2: 45775 | AT2: 45805 | AU2: 45836 | AV2: 45866 | AW2: 45897 | AX2: 45928 | AY2: 45958 | AZ2: 45989 | BA2: 46019
A3: 1 | B3: =IF($D3=0,"",VLOOKUP($D3,'Project IO'!$B:$E,3,FALSE)) -> Active | C3: =IF($D3=0,"",VLOOKUP($D3,'Project IO'!$B:$E,4,FALSE)) -> Active | D3: =$A$1 -> Havasu | E3: =IF($H3=0,"",VLOOKUP($H3,정원!$D:$G,2,FALSE)) -> Engineering | F3: =IF($H3=0,"",VLOOKUP($H3,정원!$D:$G,3,FALSE)) -> * Manager | G3: =IF($H3=0,"",VLOOKUP($H3,정원!$D:$G,4,FALSE)) -> * Eng Manager | H3: Jiyoung Son | I3: 45833 | J3: =I3+180 -> 46013 | K3: 0.2 | L3: 0.1 | M3: 0.1 | N3: 0.1 | O3: 0.1 | P3: 0.1 | Q3: 0.1
A4: 2 | B4: =IF($D4=0,"",VLOOKUP($D4,'Project IO'!$B:$E,3,FALSE)) -> Active | C4: =IF($D4=0,"",VLOOKUP($D4,'Project IO'!$B:$E,4,FALSE)) -> Active | D4: =$A$1 -> Havasu | E4: =IF($H4=0,"",VLOOKUP($H4,정원!$D:$G,2,FALSE)) -> PMO | F4: =IF($H4=0,"",VLOOKUP($H4,정원!$D:$G,3,FALSE)) -> * Manager | G4: =IF($H4=0,"",VLOOKUP($H4,정원!$D:$G,4,FALSE)) -> * Manager | H4: Jinney Lee | I4: 45833 | J4: =I4+180 -> 46013 | K4: 0.3 | L4: 0.1 | M4: 0.1 | N4: 0.1 | O4: 0.1 | P4: 0.1 | Q4: 0.1
A5: 3 | B5: =IF($D5=0,"",VLOOKUP($D5,'Project IO'!$B:$E,3,FALSE)) -> Active | C5: =IF($D5=0,"",VLOOKUP($D5,'Project IO'!$B:$E,4,FALSE)) -> Active | D5: =$A$1 -> Havasu | E5: =IF($H5=0,"",VLOOKUP($H5,정원!$D:$G,2,FALSE)) -> PMO | F5: =IF($H5=0,"",VLOOKUP($H5,정원!$D:$G,3,FALSE)) -> PM | G5: =IF($H5=0,"",VLOOKUP($H5,정원!$D:$G,4,FALSE)) -> PM | H5: Evan Lee | I5: 45833 | J5: =I5+180 -> 46013 | K5: 1 | L5: 1 | M5: 0.5 | N5: 0.2 | O5: 0.2 | P5: 0.2 | Q5: 0.1 | R5: 0.2 | S5: 0.1 | T5: 0.1
A6: 4 | B6: =IF($D6=0,"",VLOOKUP($D6,'Project IO'!$B:$E,3,FALSE)) -> Active | C6: =IF($D6=0,"",VLOOKUP($D6,'Project IO'!$B:$E,4,FALSE)) -> Active | D6: =$A$1 -> Havasu | E6: =IF($H6=0,"",VLOOKUP($H6,정원!$D:$G,2,FALSE)) -> NPI IS | F6: =IF($H6=0,"",VLOOKUP($H6,정원!$D:$G,3,FALSE)) -> * Manager | G6: =IF($H6=0,"",VLOOKUP($H6,정원!$D:$G,4,FALSE)) -> * Manager | H6: Dorothy Noh | I6: 45833 | J6: =I6+180 -> 46013 | K6: 0.3 | L6: 0.1 | M6: 0.1 | N6: 0.1 | O6: 0.1 | P6: 0.1 | Q6: 0.1
A7: 5 | B7: =IF($D7=0,"",VLOOKUP($D7,'Project IO'!$B:$E,3,FALSE)) -> Active | C7: =IF($D7=0,"",VLOOKUP($D7,'Project IO'!$B:$E,4,FALSE)) -> Active | D7: =$A$1 -> Havasu | E7: =IF($H7=0,"",VLOOKUP($H7,정원!$D:$G,2,FALSE)) -> NPI IS | F7: =IF($H7=0,"",VLOOKUP($H7,정원!$D:$G,3,FALSE)) -> System 1 | G7: =IF($H7=0,"",VLOOKUP($H7,정원!$D:$G,4,FALSE)) -> Tech Lead | H7: Michael Kim | I7: 45833 | J7: =I7+180 -> 46013 | K7: 1 | L7: 1 | M7: 1 | N7: 0.5 | O7: 0.5 | P7: 0.7 | Q7: 1 | R7: 0.5 | S7: 0.2 | T7: 0.2
A8: 6 | B8: =IF($D8=0,"",VLOOKUP($D8,'Project IO'!$B:$E,3,FALSE)) -> Active | C8: =IF($D8=0,"",VLOOKUP($D8,'Project IO'!$B:$E,4,FALSE)) -> Active | D8: =$A$1 -> Havasu | E8: =IF($H8=0,"",VLOOKUP($H8,정원!$D:$G,2,FALSE)) -> NPI IS | F8: =IF($H8=0,"",VLOOKUP($H8,정원!$D:$G,3,FALSE)) -> System 1 | G8: =IF($H8=0,"",VLOOKUP($H8,정원!$D:$G,4,FALSE)) -> System engineer | H8: Ricky Kim | I8: 45833 | J8: =I8+180 -> 46013 | K8: 1 | L8: 1 | M8: 0.5 | N8: 0.5
A9: 7 | B9: =IF($D9=0,"",VLOOKUP($D9,'Project IO'!$B:$E,3,FALSE)) -> Active | C9: =IF($D9=0,"",VLOOKUP($D9,'Project IO'!$B:$E,4,FALSE)) -> Active | D9: =$A$1 -> Havasu | E9: =IF($H9=0,"",VLOOKUP($H9,정원!$D:$G,2,FALSE)) -> NPI IS | F9: =IF($H9=0,"",VLOOKUP($H9,정원!$D:$G,3,FALSE)) -> System 1 | G9: =IF($H9=0,"",VLOOKUP($H9,정원!$D:$G,4,FALSE)) -> System engineer | H9: Anders You | I9: 45833 | J9: =I9+180 -> 46013 | K9: 1 | L9: 1 | M9: 1
A10: 8 | B10: =IF($D10=0,"",VLOOKUP($D10,'Project IO'!$B:$E,3,FALSE)) -> Active | C10: =IF($D10=0,"",VLOOKUP($D10,'Project IO'!$B:$E,4,FALSE)) -> Active | D10: =$A$1 -> Havasu | E10: =IF($H10=0,"",VLOOKUP($H10,정원!$D:$G,2,FALSE)) -> NPI IS | F10: =IF($H10=0,"",VLOOKUP($H10,정원!$D:$G,3,FALSE)) -> System 1 | G10: =IF($H10=0,"",VLOOKUP($H10,정원!$D:$G,4,FALSE)) -> System engineer | H10: Chloe Jeong | I10: 45833 | J10: =I10+180 -> 46013 | K10: 1 | L10: 1 | M10: 0.5 | N10: 0.5 | O10: 0.5 | P10: 1 | Q10: 1
A11: 9 | B11: =IF($D11=0,"",VLOOKUP($D11,'Project IO'!$B:$E,3,FALSE)) -> Active | C11: =IF($D11=0,"",VLOOKUP($D11,'Project IO'!$B:$E,4,FALSE)) -> Active | D11: =$A$1 -> Havasu | E11: =IF($H11=0,"",VLOOKUP($H11,정원!$D:$G,2,FALSE)) -> NPI IS | F11: =IF($H11=0,"",VLOOKUP($H11,정원!$D:$G,3,FALSE)) -> System 1 | G11: =IF($H11=0,"",VLOOKUP($H11,정원!$D:$G,4,FALSE)) -> Service engineer | H11: Judy Lee | I11: 45833 | J11: =I11+180 -> 46013 | K11: 1 | L11: 1 | M11: 1 | N11: 0.5 | O11: 0.5 | P11: 0.7 | Q11: 1 | R11: 0.5 | S11: 0.2 | T11: 0.2
A12: 10 | B12: =IF($D12=0,"",VLOOKUP($D12,'Project IO'!$B:$E,3,FALSE)) -> Active | C12: =IF($D12=0,"",VLOOKUP($D12,'Project IO'!$B:$E,4,FALSE)) -> Active | D12: =$A$1 -> Havasu | E12: =IF($H12=0,"",VLOOKUP($H12,정원!$D:$G,2,FALSE)) -> NPI IS | F12: =IF($H12=0,"",VLOOKUP($H12,정원!$D:$G,3,FALSE)) -> Mechanical | G12: =IF($H12=0,"",VLOOKUP($H12,정원!$D:$G,4,FALSE)) -> Leader | H12: Jeremy Park | I12: 45833 | J12: =I12+180 -> 46013 | K12: 0.3 | L12: 0.1 | M12: 0.1 | N12: 0.1 | O12: 0.1 | P12: 0.1 | Q12: 0.1
A13: 11 | B13: =IF($D13=0,"",VLOOKUP($D13,'Project IO'!$B:$E,3,FALSE)) -> Active | C13: =IF($D13=0,"",VLOOKUP($D13,'Project IO'!$B:$E,4,FALSE)) -> Active | D13: =$A$1 -> Havasu | E13: =IF($H13=0,"",VLOOKUP($H13,정원!$D:$G,2,FALSE)) -> NPI IS | F13: =IF($H13=0,"",VLOOKUP($H13,정원!$D:$G,3,FALSE)) -> Mechanical | G13: =IF($H13=0,"",VLOOKUP($H13,정원!$D:$G,4,FALSE)) -> Mechanical engineer | H13: Sooyoung Song | I13: 45833 | J13: =I13+180 -> 46013 | K13: 1 | L13: 1 | M13: 1 | N13: 1 | O13: 1 | P13: 1
A14: 13 | B14: =IF($D14=0,"",VLOOKUP($D14,'Project IO'!$B:$E,3,FALSE)) -> Active | C14: =IF($D14=0,"",VLOOKUP($D14,'Project IO'!$B:$E,4,FALSE)) -> Active | D14: =$A$1 -> Havasu | E14: =IF($H14=0,"",VLOOKUP($H14,정원!$D:$G,2,FALSE)) -> Control Eng. | F14: =IF($H14=0,"",VLOOKUP($H14,정원!$D:$G,3,FALSE)) -> * Manager | G14: =IF($H14=0,"",VLOOKUP($H14,정원!$D:$G,4,FALSE)) -> * Manager | H14: Mogen Seo | I14: 45833 | J14: =I14+180 -> 46013 | K14: 0.2 | L14: 0.1 | M14: 0.1 | N14: 0.1 | O14: 0.1 | P14: 0.1 | Q14: 0.1
A15: 14 | B15: =IF($D15=0,"",VLOOKUP($D15,'Project IO'!$B:$E,3,FALSE)) -> Active | C15: =IF($D15=0,"",VLOOKUP($D15,'Project IO'!$B:$E,4,FALSE)) -> Active | D15: =$A$1 -> Havasu | E15: =IF($H15=0,"",VLOOKUP($H15,정원!$D:$G,2,FALSE)) -> Control Eng. | F15: =IF($H15=0,"",VLOOKUP($H15,정원!$D:$G,3,FALSE)) -> Software | G15: =IF($H15=0,"",VLOOKUP($H15,정원!$D:$G,4,FALSE)) -> Leader | H15: Gerald Park | I15: 45833 | J15: =I15+180 -> 46013 | K15: 0.3 | L15: 0.1 | M15: 0.1 | N15: 0.1 | O15: 0.1 | P15: 0.1 | Q15: 0.1
A16: 15 | B16: =IF($D16=0,"",VLOOKUP($D16,'Project IO'!$B:$E,3,FALSE)) -> Active | C16: =IF($D16=0,"",VLOOKUP($D16,'Project IO'!$B:$E,4,FALSE)) -> Active | D16: =$A$1 -> Havasu | E16: =IF($H16=0,"",VLOOKUP($H16,정원!$D:$G,2,FALSE)) -> Control Eng. | F16: =IF($H16=0,"",VLOOKUP($H16,정원!$D:$G,3,FALSE)) -> Software | G16: =IF($H16=0,"",VLOOKUP($H16,정원!$D:$G,4,FALSE)) -> Software engineer | H16: Roy choi | I16: 45833 | J16: =I16+180 -> 46013 | K16: 1 | L16: 0.5 | M16: 0.5 | N16: 0.5 | O16: 0.5 | P16: 0.5
A17: 16 | B17: =IF($D17=0,"",VLOOKUP($D17,'Project IO'!$B:$E,3,FALSE)) -> Active | C17: =IF($D17=0,"",VLOOKUP($D17,'Project IO'!$B:$E,4,FALSE)) -> Active | D17: =$A$1 -> Havasu | E17: =IF($H17=0,"",VLOOKUP($H17,정원!$D:$G,2,FALSE)) -> Control Eng. | F17: =IF($H17=0,"",VLOOKUP($H17,정원!$D:$G,3,FALSE)) -> Software | G17: =IF($H17=0,"",VLOOKUP($H17,정원!$D:$G,4,FALSE)) -> SW test engineer | H17: Moonsu Cho | I17: 45833 | J17: =I17+180 -> 46013 | K17: 0.5 | L17: 0.5 | M17: 0.5 | N17: 0.5
A18: 17 | B18: =IF($D18=0,"",VLOOKUP($D18,'Project IO'!$B:$E,3,FALSE)) -> Active | C18: =IF($D18=0,"",VLOOKUP($D18,'Project IO'!$B:$E,4,FALSE)) -> Active | D18: =$A$1 -> Havasu | E18: =IF($H18=0,"",VLOOKUP($H18,정원!$D:$G,2,FALSE)) -> Control Eng. | F18: =IF($H18=0,"",VLOOKUP($H18,정원!$D:$G,3,FALSE)) -> Electrical | G18: =IF($H18=0,"",VLOOKUP($H18,정원!$D:$G,4,FALSE)) -> Leader | H18: Joshua Im | I18: 45833 | J18: =I18+180 -> 46013 | K18: 0.4 | L18: 0.1 | M18: 0.1 | N18: 0.1 | O18: 0.1 | P18: 0.1 | Q18: 0.1
A19: 18 | B19: =IF($D19=0,"",VLOOKUP($D19,'Project IO'!$B:$E,3,FALSE)) -> Active | C19: =IF($D19=0,"",VLOOKUP($D19,'Project IO'!$B:$E,4,FALSE)) -> Active | D19: =$A$1 -> Havasu | E19: =IF($H19=0,"",VLOOKUP($H19,정원!$D:$G,2,FALSE)) -> Control Eng. | F19: =IF($H19=0,"",VLOOKUP($H19,정원!$D:$G,3,FALSE)) -> Electrical | G19: =IF($H19=0,"",VLOOKUP($H19,정원!$D:$G,4,FALSE)) -> Electrical engineer | H19: Andy Jang | I19: 45833 | J19: =I19+180 -> 46013 | K19: 1 | L19: 1 | M19: 1 | N19: 0.5 | Q19: 0.5 | R19: 0.3 | S19: 0.1 | T19: 0.1
A20: 19 | B20: =IF($D20=0,"",VLOOKUP($D20,'Project IO'!$B:$E,3,FALSE)) -> Active | C20: =IF($D20=0,"",VLOOKUP($D20,'Project IO'!$B:$E,4,FALSE)) -> Active | D20: =$A$1 -> Havasu | E20: =IF($H20=0,"",VLOOKUP($H20,정원!$D:$G,2,FALSE)) -> Control Eng. | F20: =IF($H20=0,"",VLOOKUP($H20,정원!$D:$G,3,FALSE)) -> Electrical | G20: =IF($H20=0,"",VLOOKUP($H20,정원!$D:$G,4,FALSE)) -> Electrical engineer | H20: Electrical engineer | I20: 45833 | J20: =I20+180 -> 46013 | N20: 0.5 | O20: 0.5 | P20: 0.5 | Q20: 0.5
A21: 20 | B21: =IF($D21=0,"",VLOOKUP($D21,'Project IO'!$B:$E,3,FALSE)) -> Active | C21: =IF($D21=0,"",VLOOKUP($D21,'Project IO'!$B:$E,4,FALSE)) -> Active | D21: =$A$1 -> Havasu | E21: =IF($H21=0,"",VLOOKUP($H21,정원!$D:$G,2,FALSE)) -> 0 | F21: =IF($H21=0,"",VLOOKUP($H21,정원!$D:$G,3,FALSE)) -> 0 | G21: =IF($H21=0,"",VLOOKUP($H21,정원!$D:$G,4,FALSE)) -> 0 | H21: Gate plan | I21: 45833 | J21: =I21+180 -> 46013 | K21: G5 | Q21: G6

Sheet Tumalo Ph1 V00
A1: Tumalo Ph1 | B1: =IF($A$1=0,"",VLOOKUP(A1,'Project IO'!$B$4:$C$101,2,FALSE)) -> 406437 | D1: 자동입력 | E1: Resource Plan | F1: Ver. | G1: 0 | H1: Date | I1: 45852 | J1: SUM | K1: =SUM(K3:K1048576) -> 18 | L1: =SUM(L3:L1048576) -> 18.7 | M1: =SUM(M3:M1048576) -> 16.8 | N1: =SUM(N3:N1048576) -> 14.6 | O1: =SUM(O3:O1048576) -> 12.6 | P1: =SUM(P3:P1048576) -> 12.1 | Q1: =SUM(Q3:Q1048576) -> 11.8 | R1: =SUM(R3:R1048576) -> 8.4 | ... BA1: =SUM(BA3:BA1048576) -> 0
A2: No | B2: Status | C2: Project Lifecycle | D2: Project | E2: Resource Department | F2: Sub-Team | G2: Resource Role | H2: Name | I2: G5 | J2: G6 | K2: 45833 | L2: 45863 | M2: 45894 | N2: 45925 | O2: 45955 | P2: 45986 | Q2: 46016 | R2: 45683 | S2: 45714 | T2: 45742 | U2: 45773 | V2: 45803 | W2: 45834 | X2: 45864 | Y2: 45895 | Z2: 45926 | AA2: 45956 | AB2: 45987 | AC2: 46017 | AD2: 45684 | AE2: 45715 | AF2: 45743 | AG2: 45774 | AH2: 45804 | AI2: 45835 | AJ2: 45865 | AK2: 45896 | AL2: 45927 | AM2: 45957 | AN2: 45988 | AO2: 46018 | AP2: 45685 | AQ2: 45716 | AR2: 45744 | AS2: 45775 | AT2: 45805 | AU2: 45836 | AV2: 45866 | AW2: 45897 | AX2: 45928 | AY2: 45958 | AZ2: 45989 | BA2: 46019
A3: 1 | B3: =IF(D3=0,"",VLOOKUP($D3,'Project IO'!$B:$D,3,FALSE)) -> Active | D3: =$A$1 -> Tumalo Ph1 | E3: =IF($H3=0,"",VLOOKUP($H3,정원!$D:$G,2,FALSE)) -> Engineering | F3: =IF($H3=0,"",VLOOKUP($H3,정원!$D:$G,3,FALSE)) -> * Manager | G3: =IF($H3=0,"",VLOOKUP($H3,정원!$D:$G,4,FALSE)) -> * Eng Manager | H3: Jiyoung Son | I3: 46054 | J3: =I3+210 -> 46264 | K3: 0.2 | L3: 0.2 | M3: 0.2 | N3: 0.2 | O3: 0.2 | P3: 0.2 | Q3: 0.2 | R3: 0.2 | S3: 0.2 | T3: 0.2 | U3: 0.1 | V3: 0.1 | W3: 0.1 | X3: 0.1 | Y3: 0.1
A4: 2 | B4: =IF(D4=0,"",VLOOKUP($D4,'Project IO'!$B:$D,3,FALSE)) -> Active | D4: =$A$1 -> Tumalo Ph1 | E4: =IF($H4=0,"",VLOOKUP($H4,정원!$D:$G,2,FALSE)) -> PMO | F4: =IF($H4=0,"",VLOOKUP($H4,정원!$D:$G,3,FALSE)) -> * Manager | G4: =IF($H4=0,"",VLOOKUP($H4,정원!$D:$G,4,FALSE)) -> * Manager | H4: Jinney Lee | I4: 46054 | J4: =I4+210 -> 46264 | K4: 0.2 | L4: 0.3 | M4: 0.3 | N4: 0.3 | O4: 0.3 | P4: 0.3 | Q4: 0.3 | R4: 0.3 | S4: 0.3 | T4: 0.2 | U4: 0.2 | V4: 0.2 | W4: 0.2 | X4: 0.2 | Y4: 0.2
A5: 3 | B5: =IF(D5=0,"",VLOOKUP($D5,'Project IO'!$B:$D,3,FALSE)) -> Active | D5: =$A$1 -> Tumalo Ph1 | E5: =IF($H5=0,"",VLOOKUP($H5,정원!$D:$G,2,FALSE)) -> PMO | F5: =IF($H5=0,"",VLOOKUP($H5,정원!$D:$G,3,FALSE)) -> PM | G5: =IF($H5=0,"",VLOOKUP($H5,정원!$D:$G,4,FALSE)) -> PM | H5: Yuro Lee | I5: 46054 | J5: =I5+210 -> 46264 | K5: 1 | L5: 1 | M5: 1 | N5: 1 | O5: 1 | P5: 1 | Q5: 0.7 | R5: 0.5 | S5: 0.5 | T5: 0.5 | U5: 0.5 | V5: 0.5 | W5: 0.5 | X5: 0.5 | Y5: 0.5
A6: 4 | B6: =IF($D6=0,"",VLOOKUP($D6,'Project IO'!$B:$E,3,FALSE)) -> Active | C6: =IF($D6=0,"",VLOOKUP($D6,'Project IO'!$B:$E,4,FALSE)) -> Active | D6: =$A$1 -> Tumalo Ph1 | E6: =IF($H6=0,"",VLOOKUP($H6,정원!$D:$G,2,FALSE)) -> NPI IS | F6: =IF($H6=0,"",VLOOKUP($H6,정원!$D:$G,3,FALSE)) -> * Manager | G6: =IF($H6=0,"",VLOOKUP($H6,정원!$D:$G,4,FALSE)) -> * Manager | H6: Dorothy Noh | I6: 46054 | J6: =I6+210 -> 46264 | K6: 0.2 | L6: 0.3 | M6: 0.3 | N6: 0.3 | O6: 0.3 | P6: 0.3 | Q6: 0.2 | R6: 0.3 | S6: 0.3 | T6: 0.2 | U6: 0.2 | V6: 0.2 | W6: 0.1 | X6: 0.1 | Y6: 0.1
A7: 5 | B7: =IF($D7=0,"",VLOOKUP($D7,'Project IO'!$B:$E,3,FALSE)) -> Active | C7: =IF($D7=0,"",VLOOKUP($D7,'Project IO'!$B:$E,4,FALSE)) -> Active | D7: =$A$1 -> Tumalo Ph1 | E7: =IF($H7=0,"",VLOOKUP($H7,정원!$D:$G,2,FALSE)) -> NPI IS | F7: =IF($H7=0,"",VLOOKUP($H7,정원!$D:$G,3,FALSE)) -> System 3 | G7: =IF($H7=0,"",VLOOKUP($H7,정원!$D:$G,4,FALSE)) -> Tech Lead | H7: Jacob Lee | I7: 46054 | J7: =I7+210 -> 46264 | K7: 1 | L7: 1 | M7: 1 | N7: 0.6 | O7: 0.6 | P7: 0.6 | Q7: 0.6 | R7: 0.6 | S7: 0.6 | T7: 0.5 | U7: 0.5 | V7: 0.5 | W7: 0.5 | X7: 0.5 | Y7: 0.5
A8: 6 | B8: =IF($D8=0,"",VLOOKUP($D8,'Project IO'!$B:$E,3,FALSE)) -> Active | C8: =IF($D8=0,"",VLOOKUP($D8,'Project IO'!$B:$E,4,FALSE)) -> Active | D8: =$A$1 -> Tumalo Ph1 | E8: =IF($H8=0,"",VLOOKUP($H8,정원!$D:$G,2,FALSE)) -> NPI IS | F8: =IF($H8=0,"",VLOOKUP($H8,정원!$D:$G,3,FALSE)) -> System 3 | G8: =IF($H8=0,"",VLOOKUP($H8,정원!$D:$G,4,FALSE)) -> Tech Lead | H8: Grace Ji | I8: 46054 | J8: =I8+210 -> 46264 | K8: 1 | L8: 1 | M8: 1 | N8: 1 | O8: 0.5
A9: 7 | B9: =IF($D9=0,"",VLOOKUP($D9,'Project IO'!$B:$E,3,FALSE)) -> Active | C9: =IF($D9=0,"",VLOOKUP($D9,'Project IO'!$B:$E,4,FALSE)) -> Active | D9: =$A$1 -> Tumalo Ph1 | E9: =IF($H9=0,"",VLOOKUP($H9,정원!$D:$G,2,FALSE)) -> NPI IS | F9: =IF($H9=0,"",VLOOKUP($H9,정원!$D:$G,3,FALSE)) -> System 2 | G9: =IF($H9=0,"",VLOOKUP($H9,정원!$D:$G,4,FALSE)) -> System engineer | H9: Harry Kwak | I9: 46054 | J9: =I9+210 -> 46264 | K9: 1 | L9: 1 | M9: 0.6 | N9: 0.6 | O9: 0.5 | P9: 0.5 | Q9: 0.6
A10: 8 | B10: =IF($D10=0,"",VLOOKUP($D10,'Project IO'!$B:$E,3,FALSE)) -> Active | C10: =IF($D10=0,"",VLOOKUP($D10,'Project IO'!$B:$E,4,FALSE)) -> Active | D10: =$A$1 -> Tumalo Ph1 | E10: =IF($H10=0,"",VLOOKUP($H10,정원!$D:$G,2,FALSE)) -> NPI IS | F10: =IF($H10=0,"",VLOOKUP($H10,정원!$D:$G,3,FALSE)) -> System 3 | G10: =IF($H10=0,"",VLOOKUP($H10,정원!$D:$G,4,FALSE)) -> System engineer | H10: Alyssa Park | I10: 46054 | J10: =I10+210 -> 46264 | K10: 1 | L10: 1 | M10: 0.6 | N10: 0.6 | O10: 0.6 | P10: 0.6 | Q10: 0.6 | R10: 0.6 | S10: 0.6 | T10: 0.6 | U10: 0.6 | V10: 0.6 | W10: 0.6 | X10: 0.6 | Y10: 0.6
A11: 9 | B11: =IF($D11=0,"",VLOOKUP($D11,'Project IO'!$B:$E,3,FALSE)) -> Active | C11: =IF($D11=0,"",VLOOKUP($D11,'Project IO'!$B:$E,4,FALSE)) -> Active | D11: =$A$1 -> Tumalo Ph1 | E11: =IF($H11=0,"",VLOOKUP($H11,정원!$D:$G,2,FALSE)) -> NPI IS | F11: =IF($H11=0,"",VLOOKUP($H11,정원!$D:$G,3,FALSE)) -> System 3 | G11: =IF($H11=0,"",VLOOKUP($H11,정원!$D:$G,4,FALSE)) -> System engineer | H11: Noah Yeom | I11: 46054 | J11: =I11+210 -> 46264 | K11: 1 | L11: 1 | M11: 0.6 | N11: 0.6 | O11: 0.6 | P11: 0.6 | Q11: 0.6 | R11: 0.6 | S11: 0.6 | T11: 0.6 | U11: 0.6 | V11: 0.6 | W11: 0.6 | X11: 0.6 | Y11: 0.6
